Orf,Gene,Number
YKR019C,IRS4,81
YGL005C,COG7,74
YJL004C,SYS1,72
YGL012W,ERG4,69
YGR229C,SMI1,68
YGL148W,ARO2,68
YDR484W,SAC2,67
YAL024C,LTE1,67
YOL018C,TLG2,65
YBL006C,LDB7,64
YML071C,COG8,64
YJL154C,VPS35,64
YDL066W,IDP1,64
YHR129C,ARP1,63
YJL204C,RCY1,62
YPL055C,LGE1,62
YDR455C,YDR455C,61
YML007W,YAP1,61
YNL070W,TOM7,61
YLR417W,VPS36,61
YDR270W,CCC2,60
YLL040C,VPS13,60
YGL007W,YGL007W,60
YLR330W,CHS5,59
YER090W,TRP2,59
YPL065W,VPS28,59
YLR015W,BRE2,59
YBR020W,GAL1,59
YOR070C,GYP1,57
YNL283C,WSC2,57
YMR077C,VPS20,57
YPL051W,ARL3,57
YPR074C,TKL1,57
YJR073C,OPI3,57
YDR354W,TRP4,57
YJR139C,HOM6,57
YLR087C,CSF1,56
YMR121C,RPL15B,56
YLR085C,ARP6,56
YGR056W,RSC1,56
YNL201C,PSY2,56
YOR051C,YOR051C,55
YML117W,NAB6,55
YBR164C,ARL1,55
YPL002C,SNF8,55
YAL011W,SWC1,55
YIL153W,RRD1,55
YDL133W,YDL133W,55
YHL027W,RIM101,55
YIL154C,IMP2,55
YOL076W,MDM20,54
YBR098W,MMS4,54
YJR033C,RAV1,54
YCL008C,STP22,54
YDR120C,TRM1,54
YNL307C,MCK1,54
YMR264W,CUE1,54
YOR091W,YOR091W,54
YJR102C,VPS25,54
YLR025W,SNF7,54
YGR092W,DBF2,53
YJL095W,BCK1,53
YEL031W,SPF1,53
YHL009C,YAP3,53
YBL046W,YBL046W,52
YGR106C,YGR106C,52
YBR069C,TAT1,52
YGR184C,UBR1,52
YMR294W,JNM1,52
YDR075W,PPH3,51
YLR232W,YLR232W,51
YDR108W,GSG1,51
YHR030C,SLT2,51
YIL065C,FIS1,51
YKR072C,SIS2,51
YMR015C,ERG5,51
YOL087C,YOL087C,51
YER031C,YPT31,50
YDL074C,BRE1,50
YGR261C,APL6,50
YKL135C,APL2,50
YJR040W,GEF1,50
YHR207C,SET5,50
YML041C,VPS71,50
YKR073C,YKR073C,50
YNL323W,LEM3,50
YCR008W,SAT4,50
YJL169W,YJL169W,50
YGR037C,ACB1,50
YDR389W,SAC7,49
YPR119W,CLB2,49
YDR469W,SDC1,49
YDR007W,TRP1,49
YGL054C,ERV14,49
YGR228W,YGR228W,48
YBL022C,PIM1,48
YDL076C,RXT3,48
YMR214W,SCJ1,48
YIL077C,YIL077C,48
YOL089C,HAL9,48
YBR027C,YBR027C,48
YHR012W,VPS29,48
YMR031W-A,YMR031W-A,47
YJL165C,HAL5,47
YKR029C,SET3,47
YBL051C,PIN4,47
YAL026C,DRS2,47
YBR290W,BSD2,47
YHR179W,OYE2,47
YGR164W,YGR164W,47
YPL084W,BRO1,47
YIL035C,CKA1,47
YEL037C,RAD23,46
YJR083C,ACF4,46
YBR103W,SIF2,46
YDR310C,SUM1,46
YKL037W,YKL037W,46
YPL269W,KAR9,46
YGL013C,PDR1,46
YDR008C,YDR008C,46
YJL192C,SOP4,46
YGR057C,LST7,46
YML048W,GSF2,46
YJL024C,APS3,46
YER041W,YEN1,46
YJR054W,YJR054W,45
YPR061C,YPR061C,45
YKR006C,MRPL13,45
YBR231C,AOR1,45
YAR003W,SWD1,45
YCR094W,CDC50,45
YDL183C,YDL183C,45
YIL041W,GVP36,45
YHR025W,THR1,45
YOR158W,PET123,45
YDR127W,ARO1,45
YER145C,FTR1,45
YML013W,SEL1,45
YDL190C,UFD2,45
YDL059C,RAD59,44
YDR057W,YOS9,44
YNL032W,SIW14,44
YNL322C,KRE1,44
YOR275C,RIM20,44
YNL041C,COG6,44
YHR104W,GRE3,44
YER086W,ILV1,44
YDR203W,YDR203W,44
YDR202C,RAV2,44
YBL083C,YBL083C,44
YPL184C,YPL184C,44
YLR204W,QRI5,44
YMR161W,HLJ1,44
YKL033W-A,YKL033W-A,43
YML001W,YPT7,43
YOR132W,VPS17,43
YMR183C,SSO2,43
YJL155C,FBP26,43
YJL053W,PEP8,43
YOR030W,DFG16,43
YKL076C,PSY1,43
YGL071W,RCS1,43
YPR197C,YPR197C,43
YCL010C,SGF29,43
YOR068C,VAM10,43
YCR086W,CSM1,43
YDR372C,VPS74,42
YDR334W,YDR334W,42
YNL056W,YNL056W,42
YPR032W,SRO7,42
YOR002W,ALG6,42
YDR253C,MET32,42
YDR290W,SWS1,42
YAL002W,VPS8,42
YKL002W,DID4,42
YAL040C,CLN3,42
YMR152W,YIM1,42
YEL053C,MAK10,42
YLR180W,SAM1,42
YPL259C,APM1,42
YDR386W,MUS81,42
YBR036C,CSG2,42
YKL121W,YKL121W,42
YPR050C,YPR050C,42
YOR043W,WHI2,42
YHL044W,YHL044W,41
YMR063W,RIM9,41
YBR208C,"DUR1,2",41
YOL050C,YOL050C,41
YBL047C,EDE1,41
YLR055C,SPT8,41
YBL031W,SHE1,41
YDL021W,GPM2,41
YDR289C,RTT103,41
YDR439W,LRS4,41
YBR215W,HPC2,41
YGL212W,VAM7,41
YPR173C,VPS4,41
YGL026C,TRP5,41
YER084W,YER084W,40
YDR485C,VPS72,40
YMR048W,CSM3,40
YML028W,TSA1,40
YOR360C,PDE2,40
YGR289C,MAL11,40
YLR181C,VTA1,40
YDL048C,STP4,40
YMR067C,YMR067C,40
YJL073W,JEM1,40
YGL035C,MIG1,40
YDL001W,RMD1,40
YOR089C,VPS21,40
YPL152W,RRD2,40
YDL077C,VAM6,40
YMR039C,SUB1,40
YKR093W,PTR2,40
YJL047C,RTT101,39
YPR023C,EAF3,39
YDL146W,YDL146W,39
YKL213C,DOA1,39
YNL022C,YNL022C,39
YIL002C,INP51,39
YGR122W,YGR122W,39
YBL024W,NCL1,39
YNL314W,DAL82,39
YOR038C,HIR2,39
YDR049W,YDR049W,39
YDR414C,ERD1,39
YDR014W,RAD61,39
YJL159W,HSP150,39
YNL197C,WHI3,39
YDL226C,GCS1,39
YIL029C,YIL029C,39
YNR001C,CIT1,39
YER167W,BCK2,39
YDL173W,YDL173W,39
YDR271C,YDR271C,38
YDL225W,SHS1,38
YOR064C,YNG1,38
YLR032W,RAD5,38
YDR072C,IPT1,38
YMR016C,SOK2,38
YDL100C,ARR4,38
YGL045W,RIM8,38
YOR323C,PRO2,38
YER072W,VTC1,38
YOL049W,GSH2,38
YOR045W,TOM6,38
YKL075C,YKL075C,38
YFL025C,BST1,38
YNR049C,MSO1,38
YCR098C,GIT1,38
YPR083W,MDM36,38
YDR435C,PPM1,38
YDR395W,SXM1,38
YHL023C,RMD11,38
YDR144C,MKC7,38
YBR291C,CTP1,38
YMR154C,RIM13,38
YKL077W,YKL077W,38
YNL294C,RIM21,38
YDR537C,YDR537C,38
YOR008C-A,YOR008C-A,37
YMR274C,RCE1,37
YJR049C,UTR1,37
YLR171W,YLR171W,37
YLR027C,AAT2,37
YOL054W,PSH1,37
YIR033W,MGA2,37
YJL185C,YJL185C,37
YLR170C,APS1,37
YOR023C,AHC1,37
YNR040W,YNR040W,37
YPL138C,SPP1,37
YBR244W,GPX2,37
YNL099C,OCA1,37
YLL032C,YLL032C,37
YLR176C,RFX1,37
YCR095C,YCR095C,37
YJL036W,SNX4,37
YJR111C,YJR111C,37
YCR079W,YCR079W,37
YGL151W,NUT1,37
YIL044C,AGE2,37
YGR270W,YTA7,37
YJL193W,YJL193W,37
YBR059C,AKL1,36
YJL201W,ECM25,36
YDR456W,NHX1,36
YDL052C,SLC1,36
YBR095C,RXT2,36
YDL073W,YDL073W,36
YGL046W,YGL046W,36
YML103C,NUP188,36
YBR298C,MAL31,36
YBR099C,YBR099C,36
YOR069W,VPS5,36
YJL164C,TPK1,36
YEL062W,NPR2,36
YDL023C,YDL023C,36
YKL136W,YKL136W,36
YLR420W,URA4,36
YJL117W,PHO86,36
YPL182C,YPL182C,36
YOR216C,RUD3,36
YKL041W,VPS24,35
YKL115C,YKL115C,35
YIL105C,YIL105C,35
YPL195W,APL5,35
YML095C,RAD10,35
YLR119W,SRN2,35
YER119C-A,YER119C-A,35
YMR263W,SAP30,35
YER059W,PCL6,35
YOL088C,MPD2,35
YOR067C,ALG8,35
YOR106W,VAM3,35
YNL264C,PDR17,35
YGR170W,PSD2,35
YGL250W,YGL250W,35
YPR060C,ARO7,35
YNL230C,ELA1,35
YAL058W,CNE1,35
YIL073C,SPO22,35
YIL112W,HOS4,35
YLR391W,YLR391W,35
YPL120W,VPS30,35
YGR166W,KRE11,35
YPR040W,TIP41,35
YDR276C,PMP3,35
YJL215C,YJL215C,35
YLR407W,YLR407W,35
YPL194W,DDC1,35
YBR077C,YBR077C,35
YKL176C,LST4,35
YIL016W,SNL1,35
YDL101C,DUN1,35
YMR216C,SKY1,35
YLR150W,STM1,35
YPL227C,ALG5,35
YCL001W-A,YCL001W-A,35
YAL015C,NTG1,35
YJL128C,PBS2,35
YCR061W,YCR061W,35
YLR376C,PSY3,35
YGL253W,HXK2,34
YER120W,SCS2,34
YML033W,YML034W,34
YHL035C,YHL035C,34
YJL186W,MNN5,34
YHR103W,SBE22,34
YOR327C,SNC2,34
YHR155W,YHR155W,34
YBR229C,ROT2,34
YDR486C,VPS60,34
YHR206W,SKN7,34
YJR142W,YJR142W,34
YKL211C,TRP3,34
YKR007W,YKR007W,34
YDR335W,MSN5,34
YIL097W,FYV10,34
YMR202W,ERG2,34
YMR058W,FET3,34
YDR257C,RMS1,34
YNL084C,END3,34
YNL111C,CYB5,34
YNL068C,FKH2,34
YOR368W,RAD17,34
YKL207W,YKL207W,34
YLL021W,SPA2,34
YOL159C,YOL159C,34
YER151C,UBP3,34
YGL133W,ITC1,33
YCR068W,CVT17,33
YHR142W,CHS7,33
YCR033W,SNT1,33
YER177W,BMH1,33
YIL156W,UBP7,33
YDR269C,YDR269C,33
YJR140C,HIR3,33
YPR051W,MAK3,33
YIR028W,DAL4,33
YJL168C,SET2,33
YML097C,VPS9,33
YER092W,IES5,33
YOL070C,YOL070C,33
YOR164C,YOR164C,33
YFR010W,UBP6,33
YDR349C,YPS7,33
YPL037C,EGD1,33
YIL107C,PFK26,33
YIL015W,BAR1,33
YDL172C,YDL172C,33
YOR085W,OST3,33
YNL206C,RTT106,33
YDR058C,TGL2,33
YBR100W,YBR100W,33
YCR017C,CWH43,33
YPL202C,AFT2,33
YGL087C,MMS2,33
YMR073C,YMR073C,33
YJL144W,YJL144W,33
YBL067C,UBP13,33
YNR006W,VPS27,33
YMR223W,UBP8,33
YAR014C,BUD14,33
YML016C,PPZ1,33
YNR007C,AUT1,33
YDR149C,YDR149C,32
YNL325C,FIG4,32
YDR525W,API2,32
YDR217C,RAD9,32
YGL194C,HOS2,32
YPL144W,YPL144W,32
YOR279C,RFM1,32
YJR043C,POL32,32
YPR038W,YPR038W,32
YBR288C,APM3,32
YDR006C,SOK1,32
YPL057C,SUR1,32
YGL019W,CKB1,32
YLR436C,ECM30,32
YGL175C,SAE2,32
YOR039W,CKB2,32
YML006C,GIS4,32
YPR064W,YPR064W,32
YCR082W,YCR082W,32
YOL001W,PHO80,32
YJL153C,INO1,32
YNL148C,ALF1,32
YLR135W,SLX4,32
YAL042W,ERV46,32
YER048C,CAJ1,32
YNL198C,YNL198C,32
YOR364W,YOR364W,32
YPL262W,FUM1,32
YMR199W,CLN1,32
YJL129C,TRK1,32
YML113W,DAT1,32
YPL241C,CIN2,32
YOR371C,GPB1,32
YMR238W,DFG5,32
YBR078W,ECM33,32
YJL179W,PFD1,31
YKR035W-A,DID2,31
YHR204W,MNL1,31
YCL005W,YCL005W,31
YAL058C-A,YAL058C-A,31
YMR080C,NAM7,31
YGL124C,MON1,31
YML021C,UNG1,31
YNR050C,LYS9,31
YNL136W,YNL136W,31
YMR127C,SAS2,31
YKL116C,PRR1,31
YPL265W,DIP5,31
YDR360W,YDR360W,31
YAL067C,SEO1,31
YBR131W,CCZ1,31
YAL019W,FUN30,31
YHR031C,RRM3,31
YER164W,CHD1,31
YIL053W,RHR2,31
YBR021W,FUR4,31
YJR075W,HOC1,31
YAL021C,CCR4,31
YBR219C,YBR219C,31
YBR125C,PTC4,31
YML019W,OST6,31
YOR123C,LEO1,31
YBR015C,MNN2,31
YER088C,DOT6,31
YML017W,PSP2,31
YBR216C,PSC1,30
YER114C,BOI2,30
YJL099W,CHS6,30
YMR247C,YMR247C,30
YBR156C,SLI15,30
YHR045W,YHR045W,30
YJL182C,YJL182C,30
YEL009C,GCN4,30
YLR113W,HOG1,30
YAL043C-A,YAL043C-A,30
YNL231C,PDR16,30
YDR154C,YDR154C,30
YCR034W,FEN1,30
YNL288W,CAF40,30
YFL056C,AAD6,30
YLR169W,YLR169W,30
YMR187C,YMR187C,30
YPR031W,NTO1,30
YKL079W,SMY1,30
YOR127W,RGA1,30
YLR228C,ECM22,30
YNL257C,SIP3,30
YDR348C,YDR348C,30
YLR172C,DPH5,30
YMR273C,ZDS1,30
YDL037C,BSC1,30
YDR451C,YHP1,30
YMR311C,GLC8,30
YOR139C,YOR139C,30
YNR015W,SMM1,30
YOL068C,HST1,30
YCR053W,THR4,30
YPR090W,YPR090W,30
YCR024C-A,PMP1,30
YFR007W,YFR007W,30
YIL114C,POR2,30
YGR135W,PRE9,30
YBR023C,CHS3,29
YBR061C,TRM7,29
YCR062W,YCR061W,29
YGR223C,YGR223C,29
YOR025W,HST3,29
YDL194W,SNF3,29
YDR474C,YDR474C,29
YMR109W,MYO5,29
YJL139C,YUR1,29
YKR052C,MRS4,29
YNL098C,RAS2,29
YGR237C,YGR237C,29
YDR011W,SNQ2,29
YIL027C,KRE27,29
YLR288C,MEC3,29
YJL163C,YJL163C,29
YPR070W,MED1,29
YML082W,YML082W,29
YKL007W,CAP1,29
YBR280C,YBR280C,29
YCR026C,YCR026C,29
YOR061W,CKA2,29
YIL124W,AYR1,29
YPR120C,CLB5,29
YOR104W,PIN2,29
YOL093W,TRM10,29
YBR300C,YBR300C,29
YDR071C,YDR071C,29
YLR418C,CDC73,29
YPR179C,PLO1,29
YIL076W,SEC28,29
YFR048W,RMD8,29
YIL005W,EPS1,29
YNL291C,MID1,29
YJL199C,MBB1,29
YOR147W,MDM32,29
YPL261C,YPL261C,29
YJL162C,YJL162C,29
YPL115C,BEM3,29
YBR295W,PCA1,29
YPL181W,CTI6,28
YOR007C,SGT2,28
YDR475C,JIP4,28
YJL207C,YJL207C,28
YNL077W,APJ1,28
YNL183C,NPR1,28
YHL020C,OPI1,28
YPR084W,YPR084W,28
YML080W,DUS1,28
YIL017C,VID28,28
YDL050C,YDL050C,28
YNL100W,YNL100W,28
YCR050C,YCR050C,28
YER034W,YER034W,28
YDL162C,YDL162C,28
YBL008W,HIR1,28
YER097W,YER097W,28
YDR409W,SIZ1,28
YCR087C-A,YCR087C-A,28
YAL053W,YAL053W,28
YLR252W,YLR252W,28
YBR246W,YBR246W,28
YDR067C,YDR067C,28
YOR265W,RBL2,28
YEL003W,GIM4,28
YPL049C,DIG1,28
YCR085W,YCR085W,28
YLR044C,PDC1,28
YDR318W,MCM21,28
YJL211C,YJL211C,28
YDR295C,PLO2,28
YLR006C,SSK1,28
YNL319W,YNL319W,28
YDR255C,RMD5,28
YDL071C,YDL071C,28
YOR028C,CIN5,28
YNR051C,BRE5,28
YDR020C,YDR020C,28
YGR089W,NNF2,28
YBR255W,YBR255W,28
YMR010W,YMR010W,28
YDR516C,EMI2,28
YDL053C,YDL053C,28
YPR042C,PUF2,28
YMR316W,DIA1,28
YCR045C,YCR045C,28
YLR065C,YLR065C,28
YJR129C,YJR129C,28
YIL095W,PRK1,27
YLL001W,DNM1,27
YJL124C,LSM1,27
YAR018C,KIN3,27
YNR005C,YNR005C,27
YJL206C-A,YJL205C-A,27
YJL130C,URA2,27
YAL034C,FUN19,27
YBR056W,YBR056W,27
YLR151C,PCD1,27
YDL203C,YDL203C,27
YMR315W,YMR315W,27
YER129W,PAK1,27
YIL001W,YIL001W,27
YMR070W,MOT3,27
YIL152W,YIL152W,27
YKR031C,SPO14,27
YIL064W,YIL064W,27
YJL152W,YJL152W,27
YOR024W,YOR024W,27
YDR076W,RAD55,27
YML088W,UFO1,27
YMR237W,YMR237W,27
YDR162C,NBP2,27
YKR035C,YKR035C,27
YNL166C,BNI5,27
YJL037W,YJL037W,27
YNL273W,TOF1,27
YHR200W,RPN10,27
YMR124W,YMR124W,27
YDR260C,SWM1,27
YOR027W,STI1,27
YNR041C,COQ2,27
YOR109W,INP53,27
YIL087C,YIL087C,27
YPR065W,ROX1,27
YCR025C,YCR025C,27
YDL236W,PHO13,27
YPL244C,HUT1,27
YPL170W,DAP1,26
YCL060C,YCL061C,26
YJR117W,STE24,26
YLR014C,PPR1,26
YML034W,SRC1,26
YNL196C,YNL196C,26
YMR075W,RCO1,26
YGR071C,YGR071C,26
YML035C-A,YML035C-A,26
YMR057C,YMR057C,26
YGR255C,COQ6,26
YOR274W,MOD5,26
YLR360W,VPS38,26
YML012W,ERV25,26
YPL047W,YPL047W,26
YMR102C,YMR102C,26
YPR198W,SGE1,26
YLR191W,PEX13,26
YKL216W,URA1,26
YLR284C,ECI1,26
YEL060C,PRB1,26
YJR059W,PTK2,26
YGL043W,DST1,26
YNL235C,YNL235C,26
YDR403W,DIT1,26
YPL066W,YPL066W,26
YMR279C,YMR279C,26
YIL028W,YIL028W,26
YIL117C,PRM5,26
YBR204C,YBR204C,26
YMR155W,YMR155W,26
YAR042W,SWH1,26
YLL049W,YLL049W,26
YJL133W,MRS3,26
YGR163W,GTR2,26
YMR137C,PSO2,26
YLR268W,SEC22,26
YDR317W,YDR317W,26
YDL213C,NOP6,26
YER143W,DDI1,26
YCR036W,RBK1,26
YJL141C,YAK1,26
YNL203C,YNL203C,26
YMR271C,URA10,26
YIL057C,YIL057C,26
YJR082C,EAF6,26
YMR201C,RAD14,26
YML055W,SPC2,26
YDR259C,YAP6,26
YCR049C,YCR049C,26
YIL132C,CSM2,25
YBR162C,TOS1,25
YJL020C,BBC1,25
YOR297C,TIM18,25
YHL008C,YHL008C,25
YHR108W,GGA2,25
YMR302C,PRP12,25
YNL268W,LYP1,25
YAL029C,MYO4,25
YDR262W,YDR262W,25
YNR068C,YNR068C,25
YAR044W,OSH1,25
YBR006W,UGA2,25
YOR243C,PUS7,25
YBR297W,MAL33,25
YCR020C-A,MAK31,25
YLR089C,YLR089C,25
YER130C,YER130C,25
YHL014C,YLF2,25
YKL148C,SDH1,25
YML107C,YML107C,25
YML124C,TUB3,25
YOL061W,PRS5,25
YHL029C,YHL029C,25
YDR283C,GCN2,25
YMR254C,YMR254C,25
YJL017W,YJL017W,25
YNL001W,DOM34,25
YGR133W,PEX4,25
YER123W,YCK3,25
YER007W,PAC2,25
YJL052W,TDH1,25
YML051W,GAL80,25
YPR153W,YPR153W,25
YDR297W,SUR2,25
YCL045C,YCL045C,25
YMR156C,TPP1,25
YDR483W,KRE2,25
YCR059C,YIH1,25
YOL027C,MDM38,25
YIR037W,HYR1,25
YGL117W,YGL117W,25
YMR075C-A,YMR075C-A,25
YIR002C,MPH1,25
YJL092W,HPR5,25
YMR258C,YMR258C,25
YDL025C,YDL025C,25
YLR168C,YLR168C,25
YCR087W,YCR087W,25
YPR095C,SYT1,25
YPL145C,KES1,25
YNR025C,YNR025C,25
YGR064W,YGR064W,25
YDR080W,VPS41,25
YGL027C,CWH41,25
YHR022C,YHR022C,25
YGR206W,YGR206W,25
YBR281C,YBR281C,25
YER083C,RMD7,25
YLR319C,BUD6,25
YMR276W,DSK2,25
YER161C,SPT2,25
YKR028W,SAP190,25
YHR077C,NMD2,25
YDR010C,YDR010C,25
YMR135C,DCR1,25
YNR031C,SSK2,25
YHR198C,YHR198C,25
YDL091C,YDL091C,25
YDL096C,YDL096C,24
YJL217W,YJL217W,24
YMR087W,YMR087W,24
YML078W,CPR3,24
YER162C,RAD4,24
YMR044W,IOC4,24
YER073W,ALD5,24
YIL170W,YIL170W,24
YNL298W,CLA4,24
YOR286W,YOR286W,24
YER060W,FCY21,24
YBR245C,ISW1,24
YJL121C,RPE1,24
YBR187W,YBR187W,24
YPL134C,ODC1,24
YMR272C,SCS7,24
YNL204C,SPS18,24
YBR073W,RDH54,24
YML058C-A,YML058C-A,24
YKL185W,ASH1,24
YKL101W,HSL1,24
YEL042W,GDA1,24
YPL098C,YPL098C,24
YLR143W,YLR143W,24
YIL148W,RPL40A,24
YPR146C,YPR146C,24
YDL033C,YDL033C,24
YNL205C,YNL205C,24
YIL030C,SSM4,24
YKR101W,SIR1,24
YOL035C,YOL035C,24
YER046W-A,YER046W-A,24
YMR157C,YMR157C,24
YKL160W,ELF1,24
YOR079C,ATX2,24
YBR220C,YBR220C,24
YDL229W,SSB1,24
YDL167C,NRP1,24
YMR103C,YMR103C,24
YER033C,ZRG8,24
YLR278C,YLR278C,24
YDR181C,SAS4,24
YHL012W,YHL012W,24
YER044C-A,MEI4,24
YIL018W,RPL2B,24
YOR355W,GDS1,24
YMR186W,HSC82,24
YML121W,GTR1,24
YPL022W,RAD1,24
YPL135W,ISU1,24
YDR084C,TVP23,24
YPL196W,OXR1,24
YIL135C,VHS2,24
YIL141W,YIL141W,24
YML002W,YML002W,24
YPL041C,YPL041C,24
YDR315C,IPK1,24
YPR029C,APL4,24
YDR305C,HNT2,24
YIL023C,YIL023C,24
YLL007C,YLL007C,23
YOL003C,YOL003C,23
YLR422W,YLR422W,23
YLR021W,YLR021W,23
YDR225W,HTA1,23
YOR087W,YVC1,23
YLR350W,ORM2,23
YHR163W,SOL3,23
YBR201W,DER1,23
YLR216C,CPR6,23
YDR369C,XRS2,23
YHL013C,YHL013C,23
YNR030W,ECM39,23
YNL252C,MRPL17,23
YHR121W,YHR121W,23
YBL102W,SFT2,23
YCR076C,YCR076C,23
YER142C,MAG1,23
YBL011W,SCT1,23
YOR093C,YOR093C,23
YEL059W,YEL059W,23
YOL013C,HRD1,23
YJL101C,GSH1,23
YJR061W,YJR061W,23
YML106W,URA5,23
YBL054W,YBL054W,23
YPL136W,YPL136W,23
YBL012C,YBL012C,23
YIL096C,YIL096C,23
YPL079W,RPL21B,23
YHR146W,CRP1,23
YIR023W,DAL81,23
YNL224C,YNL224C,23
YIR003W,YIR003W,23
YGR286C,BIO2,23
YIL072W,HOP1,23
YNL053W,MSG5,23
YPL158C,YPL158C,23
YOR144C,ELG1,23
YOL138C,YOL138C,23
YKL023W,YKL023W,23
YNL097C,PHO23,23
YNL175C,NOP13,23
YER173W,RAD24,23
YDR035W,ARO3,23
YDL095W,PMT1,23
YKL087C,CYT2,23
YNL236W,SIN4,23
YDR540C,YDR540C,23
YLR324W,YLR324W,23
YDR345C,HXT3,23
YDR250C,YDR250C,23
YJR125C,ENT3,23
YNL115C,YNL115C,23
YGL153W,PEX14,23
YLR402W,YLR402W,23
YHR135C,YCK1,23
YHR136C,SPL2,23
YIL116W,HIS5,23
YPL100W,MAI1,23
YMR162C,DNF3,23
YOR081C,YOR081C,23
YLR094C,GIS3,23
YLR020C,YLR020C,23
YIL012W,YIL012W,23
YMR196W,YMR196W,23
YIL052C,RPL34B,23
YAR047C,YAR047C,23
YML102C-A,YML102C-A,23
YNR021W,YNR021W,23
YKL191W,DPH2,23
YGR196C,FYV8,23
YJL105W,SET4,23
YJL158C,CIS3,23
YJL065C,YJL065C,23
YDR438W,YDR438W,23
YMR054W,STV1,23
YNL233W,BNI4,23
YJR010C-A,SPC1,23
YBR260C,RGD1,23
YBR058C,UBP14,23
YNL141W,AAH1,23
YBR119W,MUD1,23
YPR039W,YPR039W,23
YJL100W,LSB6,23
YOR292C,YOR292C,23
YOR165W,SEY1,22
YLR292C,SEC72,22
YPL154C,PEP4,22
YGR007W,MUQ1,22
YNL016W,PUB1,22
YGL199C,YGL199C,22
YGL236C,MTO1,22
YJL080C,SCP160,22
YKR103W,YKR103W,22
YKL039W,PTM1,22
YIL024C,YIL024C,22
YEL015W,EDC3,22
YLR174W,IDP2,22
YAL056W,GPB2,22
YDR001C,NTH1,22
YNL083W,YNL083W,22
YKR100C,YKR100C,22
YDR329C,PEX3,22
YER081W,SER3,22
YHR073W,OSH3,22
YOR162C,YRR1,22
YMR194C-A,YMR194C-A,22
YGR132C,PHB1,22
YGL020C,MDM39,22
YBR292C,YBR292C,22
YDR467C,YDR467C,22
YCR019W,MAK32,22
YIR020C,YIR020C,22
YMR072W,ABF2,22
YER020W,GPA2,22
YER019W,ISC1,22
YDR431W,YDR431W,22
YAL049C,YAL049C,22
YGR231C,PHB2,22
YLL039C,UBI4,22
YDR445C,YDR445C,22
YIL047C,SYG1,22
YMR123W,PKR1,22
YLR308W,CDA2,22
YJL210W,PEX2,22
YIL119C,RPI1,22
YNL259C,ATX1,22
YEL052W,AFG1,22
YJL161W,YJL161W,22
YER091C,MET6,22
YOL108C,INO4,22
YLL061W,MMP1,22
YOL028C,YAP7,22
YJL030W,MAD2,22
YEL007W,YEL007W,22
YFL033C,RIM15,22
YCL032W,STE50,22
YKR047W,YKR047W,22
YBR134W,YBR134W,22
YHR115C,YHR115C,22
YOR049C,RSB1,22
YGL252C,RTG2,22
YCR002C,CDC10,22
YJL187C,SWE1,22
YLR024C,UBR2,22
YMR319C,FET4,22
YPL167C,REV3,22
YDR155C,CPR1,22
YCL042W,YCL042W,22
YBL079W,NUP170,22
YMR055C,BUB2,22
YDR313C,PIB1,22
YBL062W,YBL062W,22
YLR332W,MID2,22
YEL011W,GLC3,22
YDR265W,PEX10,22
YIL168W,SDL1,22
YML010W-A,YML010W-A,22
YDR491C,YDR491C,22
YIR025W,MND2,22
YGL203C,KEX1,22
YML102W,CAC2,22
YOR246C,YOR246C,22
YDR078C,SHU2,22
YHR178W,STB5,22
YAL055W,PEX22,22
YPL179W,PPQ1,22
YDL040C,NAT1,22
YMR083W,ADH3,22
YKL190W,CNB1,22
YOL016C,CMK2,22
YIL145C,PAN6,21
YDR251W,PAM1,21
YDL170W,UGA3,21
YDR482C,CWC21,21
YJL178C,ETF1,21
YGR220C,MRPL9,21
YIL055C,YIL055C,21
YBL104C,YBL104C,21
YKR021W,YKR021W,21
YBR284W,YBR284W,21
YOR349W,CIN1,21
YLR057W,YLR057W,21
YDL085W,NDE2,21
YGL224C,SDT1,21
YIL043C,CBR1,21
YBL052C,SAS3,21
YKL011C,CCE1,21
YNL090W,RHO2,21
YPR046W,MCM16,21
YCR066W,RAD18,21
YIL155C,GUT2,21
YDL142C,CRD1,21
YPL201C,YPL201C,21
YMR007W,YMR007W,21
YEL020C,YEL020C,21
YIL160C,POT1,21
YDR518W,EUG1,21
YDR494W,RSM28,21
YNL250W,RAD50,21
YFL053W,DAK2,21
YHL036W,MUP3,21
YOR351C,MEK1,21
YDR346C,YDR346C,21
YML057W,CMP2,21
YLR257W,YLR257W,21
YMR158W-A,YMR158W-A,21
YNL215W,IES2,21
YIL011W,TIR3,21
YGR146C,YGR146C,21
YOR322C,YOR322C,21
YHR006W,STP2,21
YNL241C,ZWF1,21
YDR304C,CPR5,21
YDR479C,PEX29,21
YBR174C,YBR174C,21
YGL060W,PSC2,21
YIL009C-A,EST3,21
YNL180C,RHO5,21
YER103W,SSA4,21
YNL044W,YIP3,21
YMR065W,KAR5,21
YDR462W,MRPL28,21
YLR375W,STP3,21
YDR488C,PAC11,21
YBR286W,APE3,21
YOR094W,ARF3,21
YGL163C,RAD54,21
YPL203W,TPK2,21
YIL013C,PDR11,21
YIL149C,MLP2,21
YGL152C,YGL152C,21
YMR192W,APP2,21
YPR189W,SKI3,21
YNL211C,YNL211C,21
YEL018W,EAF5,21
YML075C,HMG1,21
YLL019C,KNS1,21
YKR042W,UTH1,21
YKL053W,YKL053W,21
YDL134C,PPH21,21
YOR135C,YOR135C,21
YMR004W,MVP1,21
YIL086C,YIL086C,21
YNR060W,FRE4,21
YBR018C,GAL7,21
YAL009W,SPO7,21
YCL051W,LRE1,21
YDR151C,CTH1,21
YJL190C,RPS22A,21
YNL299W,TRF5,21
YPL077C,YPL077C,21
YOR140W,SFL1,21
YMR221C,YMR221C,21
YJR097W,YJR097W,21
YLL038C,ENT4,20
YMR283C,RIT1,20
YBL059W,YBL059W,20
YDR249C,YDR249C,20
YER030W,YER030W,20
YOR016C,ERP4,20
YOR245C,DGA1,20
YHL021C,YHL021C,20
YIR014W,YIR014W,20
YOR115C,TRS33,20
YGR058W,YGR058W,20
YJL123C,YJL123C,20
YDR004W,RAD57,20
YLR318W,EST2,20
YPL208W,YPL208W,20
YHR124W,NDT80,20
YGR017W,YGR017W,20
YOL129W,VPS68,20
YER004W,YER004W,20
YMR172C-A,YMR172C-A,20
YFL013C,IES1,20
YPR006C,ICL2,20
YKL081W,TEF4,20
YBL017C,PEP1,20
YPR184W,GDB1,20
YHR156C,LIN1,20
YAR043C,YAR043C,20
YOL063C,MOR1,20
YPL139C,UME1,20
YKL098W,YKL098W,20
YHR158C,KEL1,20
YNL076W,MKS1,20
YCL055W,KAR4,20
YMR037C,MSN2,20
YDL002C,NHP10,20
YMR297W,PRC1,20
YIL165C,YIL165C,20
YHL034C,SBP1,20
YKL127W,PGM1,20
YGL125W,MET13,20
YOR033C,EXO1,20
YGR051C,YGR051C,20
YIL137C,YIL137C,20
YIL099W,SGA1,20
YER166W,DNF1,20
YNR062C,YNR062C,20
YBR001C,NTH2,20
YFL034W,YFL034W,20
YBR012C,YBR012C,20
YKR084C,HBS1,20
YGR208W,SER2,20
YMR158C-B,YMR158C-B,20
YOR299W,BUD7,20
YMR036C,MIH1,20
YOR377W,ATF1,20
YCL046W,YCL046W,20
YKL212W,SAC1,20
YDR278C,YDR278C,20
YGL231C,YGL231C,20
YDR307W,YDR307W,20
YDR282C,YDR282C,20
YIL159W,BNR1,20
YDR383C,NKP1,20
YNL027W,CRZ1,20
YBR214W,SDS24,20
YGL034C,YGL034C,20
YJL135W,YJL135W,20
YJL212C,OPT1,20
YPL003W,ULA1,20
YMR009W,YMR009W,20
YDR422C,SIP1,20
YHR139C-A,YHR139C-A,20
YMR026C,PEX12,20
YML037C,YML037C,20
YIR031C,DAL7,20
YBR195C,MSI1,20
YMR022W,QRI8,20
YNL179C,YNL179C,20
YDR508C,GNP1,20
YKL025C,PAN3,20
YNR057C,BIO4,20
YBR008C,FLR1,20
YPL091W,GLR1,20
YDL119C,YDL119C,20
YNL052W,COX5A,20
YLR102C,APC9,20
YOR304W,ISW2,20
YJR031C,GEA1,20
YLR299W,ECM38,20
YBR138C,YBR138C,20
YBR007C,YBR007C,20
YOR124C,UBP2,20
YIL113W,SDP1,20
YGL214W,YGL214W,20
YNR072W,HXT17,20
YLR309C,IMH1,20
YDR391C,YDR391C,20
YLR236C,YLR236C,20
YFR021W,AUT10,20
YNR008W,LRO1,20
YOL110W,SHR5,20
YGL197W,MDS3,20
YBR044C,TCM62,20
YIL050W,PCL7,20
YIL158W,YIL158W,20
YGL251C,HFM1,20
YJL082W,IML2,20
YBR206W,YBR206W,20
YKL197C,PEX1,19
YDR505C,PSP1,19
YEL013W,VAC8,19
YPL273W,SAM4,19
YNL078W,NIS1,19
YNL239W,LAP3,19
YAL036C,FUN11,19
YOR029W,YOR029W,19
YDR005C,MAF1,19
YBR177C,EHT1,19
YCR020C,PET18,19
YPL176C,YPL176C,19
YKL085W,MDH1,19
YNL339C,YRF1-6,19
YMR174C,PAI3,19
YLR031W,YLR031W,19
YGR227W,DIE2,19
YOR097C,YOR097C,19
YIL108W,YIL108W,19
YDR333C,YDR333C,19
YML030W,YML030W,19
YMR126C,DLT1,19
YJL170C,ASG7,19
YOR342C,YOR342C,19
YLR300W,EXG1,19
YMR003W,YMR003W,19
YHR044C,DOG1,19
YOR364W,YOR364W,19
YBR157C,ICS2,19
YGR268C,HUA1,19
YBR105C,VID24,19
YNL093W,YPT53,19
YMR175W,SIP18,19
YNL214W,PEX17,19
YNL212W,VID27,19
YIL157C,YIL157C,19
YGL215W,CLG1,19
YER095W,RAD51,19
YDR254W,CHL4,19
YDR156W,RPA14,19
YNL043C,YNL043C,19
YLR064W,YLR064W,19
YHR105W,YPT35,19
YIL045W,PIG2,19
YER087C-A,YER087C-A,19
YLR125W,YLR125W,19
YHR160C,PEX18,19
YPL111W,CAR1,19
YDR247W,VHS1,19
YOR055W,YOR055W,19
YLR120C,YPS1,19
YJL148W,RPA34,19
YMR166C,YMR166C,19
YDR146C,SWI5,19
YKR096W,YKR096W,19
YGR178C,PBP1,19
YEL012W,UBC8,19
YDR121W,DPB4,19
YOR337W,TEA1,19
YJR130C,STR2,19
YOR191W,RIS1,19
YNL091W,NST1,19
YOL006C,TOP1,19
YPL056C,YPL056C,19
YMR259C,YMR259C,19
YMR173W-A,YMR173W-A,19
YOR346W,REV1,19
YML014W,TRM9,19
YLR446W,YLR446W,19
YNL329C,PEX6,19
YEL071W,DLD3,19
YML058W,SML1,19
YPL192C,PRM3,19
YLR426W,YLR426W,19
YPL008W,CHL1,19
YOL045W,PSK2,19
YDR135C,YCF1,19
YJL138C,TIF2,19
YLR058C,SHM2,19
YNL066W,SUN4,19
YEL014C,YEL014C,19
YIL102C,YIL102C,19
YER005W,YND1,19
YKR016W,YKR016W,19
YOL100W,PKH2,19
YCL063W,VAC17,19
YER078C,YER078C,19
YPR022C,YPR022C,19
YDR306C,YDR306C,19
YHL026C,YHL026C,19
YLR038C,COX12,19
YDR129C,SAC6,19
YJR005W,APL1,19
YJL151C,SNA3,19
YER089C,PTC2,19
YPL014W,YPL014W,19
YLR239C,LIP2,19
YER150W,SPI1,19
YPR077C,YPR077C,19
YNL146W,YNL146W,19
YGL147C,RPL9A,19
YOR071C,YOR071C,19
YIL140W,AXL2,19
YBR212W,NGR1,19
YBL096C,YBL096C,19
YGR256W,GND2,19
YNL024C,YNL024C,19
YIL006W,YIL006W,19
YKR001C,VPS1,19
YLR128W,YLR128W,19
YIL161W,YIL161W,19
YIR032C,DAL3,19
YOL111C,YOL111C,19
YJR053W,BFA1,18
YGL198W,YIP4,18
YBL027W,RPL19B,18
YGR197C,SNG1,18
YLL041C,SDH2,18
YGL141W,HUL5,18
YAL018C,YAL018C,18
YMR100W,MUB1,18
YDL216C,RRI1,18
YLR124W,YLR124W,18
YNL271C,BNI1,18
YDR230W,YDR230W,18
YMR111C,YMR111C,18
YMR071C,TVP18,18
YMR052C-A,YMR052C-A,18
YGR248W,SOL4,18
YLR331C,JIP3,18
YGR187C,HGH1,18
YKL032C,IXR1,18
YDR022C,CIS1,18
YKL155C,RSM22,18
YDL239C,ADY3,18
YGR004W,YGR004W,18
YLL029W,YLL029W,18
YDR358W,GGA1,18
YNL293W,MSB3,18
YJL021C,YJL020C,18
YML020W,YML020W,18
YJR152W,DAL5,18
YLR427W,MAG2,18
YPL225W,YPL225W,18
YBR144C,YBR144C,18
YEL048C,YEL048C,18
YOR036W,PEP12,18
YOL128C,YGK3,18
YGR168C,YGR168C,18
YIL162W,SUC2,18
YOR276W,CAF20,18
YBL037W,APL3,18
YGR038W,ORM1,18
YMR099C,YMR099C,18
YDR319C,YDR319C,18
YMR159C,APG16,18
YDL089W,YDL089W,18
YOL113W,SKM1,18
YPR066W,UBA3,18
YKL109W,HAP4,18
YBR005W,YBR005W,18
YDR150W,NUM1,18
YBR062C,YBR062C,18
YPL025C,YPL025C,18
YGR182C,YGR182C,18
YBL082C,RHK1,18
YPL232W,SSO1,18
YLR037C,DAN2,18
YMR245W,YMR245W,18
YPL177C,CUP9,18
YBR175W,SWD3,18
YGR086C,PIL1,18
YDR370C,YDR370C,18
YOR306C,MCH5,18
YMR110C,YMR110C,18
YIL071C,PCI8,18
YLR306W,UBC12,18
YIL121W,QDR2,18
YEL008W,YEL008W,18
YCL061C,MRC1,18
YHR176W,FMO,18
YBR071W,YBR071W,18
YHR195W,NVJ1,18
YDR125C,ECM18,18
YKL074C,MUD2,18
YDR275W,BSC2,18
YAR035W,YAT1,18
YLR455W,YLR455W,18
YBL064C,PRX1,18
YBR270C,YBR270C,18
YBR072W,HSP26,18
YDL180W,YDL180W,18
YLL023C,YLL023C,18
YLL024C,SSA2,18
YDR350C,TCM10,18
YGL228W,SHE10,18
YFR013W,IOC3,18
YCL062W,YCL062W,18
YGR150C,YGR150C,18
YNR029C,YNR029C,18
YKL010C,UFD4,18
YIL025C,YIL025C,18
YML072C,YML072C,18
YDL240W,LRG1,18
YBR199W,KTR4,18
YDR357C,YDR357C,18
YMR261C,TPS3,18
YBL061C,SKT5,18
YCR009C,RVS161,18
YIL123W,SIM1,18
YKR089C,YKR089C,18
YNL213C,YNL213C,18
YMR317W,YMR317W,18
YOR357C,GRD19,18
YOR047C,STD1,18
YLR225C,YLR225C,18
YDR153C,ENT5,18
YFR011C,YFR011C,18
YDR351W,SBE2,18
YBL098W,BNA4,18
YDR279W,RNH202,17
YPL212C,PUS1,17
YNL013C,YNL013C,17
YKR097W,PCK1,17
YOL056W,GPM3,17
YEL043W,YEL043W,17
YCR073C,SSK22,17
YEL047C,YEL047C,17
YCL001W,RER1,17
YBL007C,SLA1,17
YOR332W,VMA4,17
YMR181C,YMR181C,17
YCR027C,RHB1,17
YER042W,MXR1,17
YDR009W,GAL3,17
YJL003W,COX16,17
YDR524C,AGE1,17
YOL012C,HTZ1,17
YNL045W,YNL045W,17
YJR014W,YJR014W,17
YHR159W,YHR159W,17
YJL016W,YJL016W,17
YFR040W,SAP155,17
YMR265C,YMR265C,17
YFR009W,GCN20,17
YNL305C,YNL305C,17
YKL092C,BUD2,17
YNL023C,FAP1,17
YKR065C,YKR065C,17
YAL048C,GON1,17
YKR040C,YKR040C,17
YPR170C,YPR170C,17
YLR134W,PDC5,17
YGR157W,CHO2,17
YJL089W,SIP4,17
YMR035W,IMP2,17
YMR222C,YMR222C,17
YGR181W,TIM13,17
YPL155C,KIP2,17
YDL160C,DHH1,17
YMR150C,IMP1,17
YJL137C,GLG2,17
YJL147C,YJL147C,17
YGL213C,SKI8,17
YNL300W,YNL300W,17
YDR034C,LYS14,17
YHR001W-A,QCR10,17
YGR258C,RAD2,17
YBR238C,YBR238C,17
YBR183W,YPC1,17
YNL279W,PRM1,17
YBR013C,YBR013C,17
YPL030W,YPL030W,17
YPR091C,YPR091C,17
YIL092W,YIL092W,17
YHL002W,HSE1,17
YBR107C,IML3,17
YBR222C,PCS60,17
YKL056C,YKL056C,17
YGL227W,VID30,17
YGR233C,PHO81,17
YPL089C,RLM1,17
YJL012C,VTC4,17
YKR054C,DYN1,17
YOR233W,KIN4,17
YOL124C,YOL124C,17
YDR406W,PDR15,17
YLR361C,DCR2,17
YIL079C,AIR1,17
YOR384W,FRE5,17
YBR203W,COS111,17
YNL270C,ALP1,17
YNL020C,ARK1,17
YPL095C,YPL095C,17
YJL064W,YJL064W,17
YIL090W,YIL090W,17
YHR143W,DSE2,17
YKL218C,YKL218C,17
YHR182W,YHR182W,17
YGR290W,YGR290W,17
YNL276C,YNL276C,17
YHR209W,YHR209W,17
YEL006W,YEL006W,17
YHR082C,KSP1,17
YGR252W,GCN5,17
YGL077C,HNM1,17
YNL219C,ALG9,17
YLR207W,HRD3,17
YGR134W,CAF130,17
YDR028C,REG1,17
YHL022C,SPO11,17
YDL182W,LYS20,17
YDR471W,RPL27B,17
YOR366W,YOR366W,17
YMR278W,YMR278W,17
YGL107C,RMD9,17
YHR112C,YHR112C,17
YMR119W-A,YMR119W-A,17
YCL040W,GLK1,17
YKL069W,YKL069W,17
YKR048C,NAP1,17
YER019C-A,SBH2,17
YGR283C,YGR283C,17
YFR034C,PHO4,17
YDR281C,PHM6,17
YPL200W,CSM4,17
YPL166W,YPL166W,17
YPL009C,YPL009C,17
YOL101C,YOL101C,17
YDL227C,HO,17
YML067C,ERV41,17
YMR171C,YMR171C,17
YDR139C,RUB1,17
YNL116W,YNL116W,17
YNL275W,YNL275W,17
YBR228W,SLX1,17
YKL110C,KTI12,17
YNL318C,HXT14,17
YDR423C,CAD1,17
YIL125W,KGD1,17
YJR087W,YJR087W,17
YNR044W,AGA1,17
YPL127C,HHO1,17
YOR231W,MKK1,17
YMR251W-A,HOR7,17
YPR069C,SPE3,17
YLR414C,YLR414C,17
YGR238C,KEL2,17
YHR017W,YSC83,17
YKL126W,YPK1,17
YLR190W,MTM1,17
YOR277C,YOR277C,17
YNL122C,YNL122C,17
YGR028W,MSP1,17
YGR143W,SKN1,17
YPL174C,NIP100,17
YJR069C,HAM1,17
YMR195W,ICY1,17
YBR151W,APD1,17
YLR149C,YLR149C,17
YNL123W,YNL123W,17
YCL044C,YCL044C,17
YCR043C,YCR043C,17
YLR224W,YLR224W,17
YGR287C,YGR287C,17
YHR043C,DOG2,17
YGR012W,YGR012W,16
YPR200C,ARR2,16
YOR200W,YOR200W,16
YHL016C,DUR3,16
YOR088W,YOR088W,16
YBL032W,HEK2,16
YIL058W,YIL058W,16
YBR269C,YBR269C,16
YHL032C,GUT1,16
YMR122C,YMR122C,16
YLL010C,PSR1,16
YGR125W,YGR125W,16
YMR069W,YMR069W,16
YEL036C,ANP1,16
YOR359W,VTS1,16
YPR089W,YPR089W,16
YIL146C,ECM37,16
YKR023W,YKR023W,16
YML022W,APT1,16
YJR147W,HMS2,16
YKL204W,EAP1,16
YPL222W,YPL222W,16
YDR493W,YDR493W,16
YER134C,YER134C,16
YDL104C,QRI7,16
YLL014W,YLL014W,16
YKL062W,MSN4,16
YPR193C,HPA2,16
YGL042C,YGL042C,16
YBR185C,MBA1,16
YKR088C,TVP38,16
YOR333C,SWF5,16
YBR101C,FES1,16
YLR059C,REX2,16
YGL003C,CDH1,16
YNL128W,TEP1,16
YNL071W,LAT1,16
YPR157W,YPR157W,16
YJL216C,YJL216C,16
YBR224W,YBR224W,16
YKL206C,YKL206C,16
YMR262W,YMR262W,16
YOR076C,SKI7,16
YIL085C,KTR7,16
YBR227C,MCX1,16
YJR003C,YJR003C,16
YOR317W,FAA1,16
YHR048W,YHR048W,16
YLR183C,TOS4,16
YKL064W,MNR2,16
YGR257C,YGR257C,16
YKR032W,YKR032W,16
YJR066W,TOR1,16
YBR042C,YBR042C,16
YMR068W,AVO2,16
YIL167W,YIL167W,16
YBR264C,YPT10,16
YHL003C,LAG1,16
YML111W,BUL2,16
YHL041W,YHL041W,16
YML027W,YOX1,16
YPL159C,YPL159C,16
YNL135C,FPR1,16
YCR032W,BPH1,16
YNL332W,THI12,16
YMR088C,YMR088C,16
YNR013C,PHO91,16
YOR083W,WHI5,16
YCL002C,YCL002C,16
YBR186W,PCH2,16
YNR066C,YNR066C,16
YIL039W,YIL039W,16
YOR072W,YOR072W,16
YDL233W,YDL233W,16
YIR018W,YAP5,16
YPL132W,COX11,16
YLR377C,FBP1,16
YMR106C,YKU80,16
YHR210C,YHR210C,16
YDR326C,YDR326C,16
YKR017C,YKR017C,16
YLL020C,YLL020C,16
YDR033W,MRH1,16
YHL042W,YHL042W,16
YMR284W,YKU70,16
YGR288W,MAL13,16
YML056C,IMD4,16
YEL063C,CAN1,16
YHL030W,ECM29,16
YBR090C-A,YBR089C-A,16
YHR035W,YHR035W,16
YDR143C,SAN1,16
YDR420W,HKR1,16
YJR004C,SAG1,16
YDR444W,YDR444W,16
YER007C-A,YER007C-A,16
YMR176W,ECM5,16
YIR001C,SGN1,16
YDR099W,BMH2,16
YGR122C-A,YGR122C-A,16
YGR192C,TDH3,16
YFL049W,YFL049W,16
YDL041W,YDL041W,16
YIL088C,AVT7,16
YMR244W,YMR244W,16
YKL093W,MBR1,16
YLR262C-A,YLR262C-A,16
YGL014W,PUF4,16
YPL180W,YPL180W,16
YLR133W,CKI1,16
YLR013W,GAT3,16
YMR017W,SPO20,16
YGR189C,CRH1,16
YNR012W,URK1,16
YLR410W,VIP1,16
YGL095C,VPS45,16
YBR217W,APG12,16
YDR461W,MFA1,16
YKL149C,DBR1,16
YLR312C,YLR312C,16
YHR097C,YHR097C,16
YJL051W,YJL051W,16
YNL125C,ESBP6,16
YGL160W,YGL160W,16
YKL159C,RCN1,16
YDR426C,YDR426C,16
YPL099C,YPL099C,16
YKR075C,YKR075C,16
YBL071C,YBL071C,16
YDL070W,BDF2,16
YPL023C,MET12,16
YDR284C,DPP1,16
YIR036C,YIR036C,16
YPL234C,TFP3,16
YBR084W,MIS1,16
YOR330C,MIP1,16
YMR190C,SGS1,16
YCL011C,GBP2,16
YKL162C-A,YKL162C-A,16
YAR023C,YAR023C,16
YLR381W,CTF3,16
YGL216W,KIP3,16
YOL060C,MAM3,16
YER058W,PET117,16
YDR314C,YDR314C,16
YIL066C,RNR3,16
YPL058C,PDR12,16
YPR164W,MMS1,16
YDL018C,ERP3,16
YHR078W,YHR078W,16
YJR035W,RAD26,16
YGL144C,ROG1,16
YOL099C,YOL099C,16
YLR443W,ECM7,15
YPL207W,YPL207W,15
YJL094C,KHA1,15
YMR280C,CAT8,15
YOR311C,HSD1,15
YOL092W,YOL092W,15
YEL030W,ECM10,15
YMR242C,RPL20A,15
YIL038C,NOT3,15
YNL237W,YTP1,15
YIL092W,YIL092W,15
YDR258C,HSP78,15
YMR209C,YMR209C,15
YDR110W,FOB1,15
YOL083W,YOL083W,15
YDL237W,YDL237W,15
YLR451W,LEU3,15
YJR115W,YJR115W,15
YOR084W,YOR084W,15
YNL265C,IST1,15
YFL048C,EMP47,15
YPR052C,NHP6A,15
YLR146C,SPE4,15
YKR056W,TRM2,15
YHR060W,VMA22,15
YOR237W,HES1,15
YAR028W,YAR028W,15
YKR095W,MLP1,15
YMR056C,AAC1,15
YLR152C,YLR152C,15
YNL335W,YNL335W,15
YER093C-A,YER093C-A,15
YLR093C,NYV1,15
YDR525W-A,SNA2,15
YMR246W,FAA4,15
YPL015C,HST2,15
YBR083W,TEC1,15
YKR010C,TOF2,15
YPL223C,GRE1,15
YLR111W,YLR111W,15
YPR071W,YPR071W,15
YBL002W,HTB2,15
YDR077W,SED1,15
YKL146W,AVT3,15
YBR188C,NTC20,15
YMR313C,TGL3,15
YGR269W,YGR269W,15
YDR123C,INO2,15
YDR380W,ARO10,15
YBR068C,BAP2,15
YOL024W,YOL024W,15
YBL080C,PET112,15
YEL066W,HPA3,15
YNR027W,BUD17,15
YPR111W,DBF20,15
YBL042C,FUI1,15
YOR042W,CUE5,15
YMR145C,NDE1,15
YLR108C,YLR108C,15
YPR053C,YPR053C,15
YER121W,YER121W,15
YML108W,YML108W,15
YGR271W,SLH1,15
YPL072W,UBP16,15
YOR171C,LCB4,15
YAL014C,SYN8,15
YJL197W,UBP12,15
YIR020W-B,YIR020W-B,15
YMR085W,YMR085W,15
YJL198W,PHO90,15
YPL187W,MF(ALPHA)1,15
YNL304W,YPT11,15
YEL005C,VAB2,15
YBL003C,HTA2,15
YPL021W,ECM23,15
YKL048C,ELM1,15
YER152C,YER152C,15
YGR054W,YGR054W,15
YER057C,HMF1,15
YCR065W,HCM1,15
YDR490C,PKH1,15
YHL045W,YHL045W,15
YOL057W,YOL057W,15
YMR316C-B,YMR316C-B,15
YDR128W,YDR128W,15
YIL130W,YIL130W,15
YBR296C,PHO89,15
YLR396C,VPS33,15
YGR204W,ADE3,15
YDR026C,YDR026C,15
YPL249C,GYP5,15
YPL042C,SSN3,15
YOR082C,YOR082C,15
YPR156C,TPO3,15
YOR015W,YOR015W,15
YDR165W,TRM82,15
YHR152W,SPO12,15
YPR166C,MRP2,15
YJR070C,YJR070C,15
YOL137W,BSC6,15
YMR084W,YMR084W,15
YFR020W,YFR020W,15
YJL022W,YJL022W,15
YER115C,SPR6,15
YBR037C,SCO1,15
YPL080C,YPL080C,15
YPL105C,YPL105C,15
YGR152C,RSR1,15
YOL036W,YOL036W,15
YLR154C,RNH203,15
YER080W,YER080W,15
YLR050C,YLR050C,15
YOR313C,SPS4,15
YOL052C,SPE2,15
YCR075C,ERS1,15
YIL100W,YIL100W,15
YBR128C,APG14,15
YMR299C,YMR299C,15
YLL047W,YLL047W,15
YLR297W,YLR297W,15
YGL086W,MAD1,15
YHL006C,SHU1,15
YER113C,YER113C,15
YBL009W,YBL009W,15
YGR266W,YGR266W,15
YOL065C,INP54,15
YPL038W,MET31,15
YHR132W-A,YHR132W-A,15
YIL056W,YIL056W,15
YMR174C,PAI3,15
YNR024W,YNR024W,15
YGR239C,PEX21,15
YKL096W-A,CWP2,15
YDL211C,YDL211C,15
YER032W,FIR1,15
YNR032W,PPG1,15
YER183C,FAU1,15
YML018C,YML018C,15
YAR040C,YAR040C,15
YPL246C,QUT1,15
YPL183C,YPL183C,15
YIL067C,YIL067C,15
YPR154W,PIN3,15
YML009C,MRPL39,15
YJL071W,ARG2,15
YGR072W,UPF3,15
YLR461W,PAU4,15
YLR238W,FAR10,15
YNL012W,SPO1,15
YFR024C,YFR024C,15
YPL070W,MUK1,15
YLR437C,YLR437C,15
YER124C,DSE1,15
YPR097W,YPR097W,15
YCL064C,CHA1,15
YNL155W,YNL155W,15
YKL029C,MAE1,15
YGR129W,SYF2,15
YFL012W,YFL012W,15
YOR041C,YOR041C,15
YDL125C,HNT1,15
YPR129W,SCD6,15
YNR067C,DSE4,15
YHR109W,CTM1,15
YIR007W,YIR007W,15
YCR069W,CPR4,15
YER182W,YER182W,15
YHR180W,YHR180W,15
YKL044W,YKL044W,15
YDR402C,DIT2,15
YLR035C,MLH2,15
YDR340W,YDR340W,15
YMR226C,YMR226C,15
YOR052C,YOR052C,15
YJR084W,CSN12,14
YMR225C,MRPL44,14
YMR292W,GOT1,14
YML035C,AMD1,14
YMR243C,ZRC1,14
YNL089C,YNL089C,14
YBR093C,PHO5,14
YPR201W,ARR3,14
YJR149W,YJR149W,14
YML119W,YML119W,14
YLR452C,SST2,14
YCL016C,DCC1,14
YFR024C-A,LSB3,14
YJL110C,GZF3,14
YDR321W,ASP1,14
YDL227C,HO,14
YER163C,YER163C,14
YGL096W,TOS8,14
YNL129W,YNL129W,14
YNL254C,YNL254C,14
YBR158W,AMN1,14
YGR055W,MUP1,14
YDL022W,GPD1,14
YHL005C,YHL005C,14
YOR118W,YOR118W,14
YKR059W,TIF1,14
YOR120W,GCY1,14
YOL106W,YOL106W,14
YHR079C,IRE1,14
YBL055C,YBL055C,14
YOR086C,YOR086C,14
YMR115W,YMR115W,14
YFR008W,FAR7,14
YNL094W,APP1,14
YML004C,GLO1,14
YJL042W,MHP1,14
YHL047C,ARN2,14
YIL111W,COX5B,14
YLR095C,IOC2,14
YJR001W,AVT1,14
YMR293C,YMR293C,14
YOL044W,PEX15,14
YMR193C-A,YMR193C-A,14
YFL006W,YFL006W,14
YGR061C,ADE6,14
YOR034C,AKR2,14
YOR267C,HRK1,14
YOL126C,MDH2,14
YMR136W,GAT2,14
YJR015W,YJR015W,14
YER169W,RPH1,14
YOR320C,GNT1,14
YDL189W,RBS1,14
YJL134W,LCB3,14
YCL057W,PRD1,14
YER071C,YER071C,14
YPR092W,YPR092W,14
YKL097C,YKL097C,14
YOR100C,CRC1,14
YMR062C,ECM40,14
YJL007C,YJL007C,14
YGL161C,YIP5,14
YGR076C,MRPL25,14
YEL068C,YEL068C,14
YOR044W,YOR044W,14
YHR116W,YHR116W,14
YNR037C,RSM19,14
YPL240C,HSP82,14
YNR034W,SOL1,14
YOR037W,CYC2,14
YDR385W,EFT2,14
YMR306W,FKS3,14
YOL150C,YOL150C,14
YCR077C,PAT1,14
YOL062C,APM4,14
YMR285C,NGL2,14
YKR066C,CCP1,14
YIL020C,HIS6,14
YNL140C,YNL140C,14
YLR114C,YLR114C,14
YMR151W,YIM2,14
YLR387C,YLR387C,14
YLR201C,YLR201C,14
YJL146W,IDS2,14
YJL118W,YJL118W,14
YMR241W,YHM2,14
YGL062W,PYC1,14
YLL063C,AYT1,14
YKR080W,MTD1,14
YGL115W,SNF4,14
YLR202C,YLR202C,14
YPR149W,NCE102,14
YMR027W,YMR027W,14
YPR152C,YPR152C,14
YOL147C,PEX11,14
YBL103C,RTG3,14
YPL168W,YPL168W,14
YJR144W,MGM101,14
YMR303C,ADH2,14
YGR130C,YGR130C,14
YOR050C,YOR050C,14
YML074C,FPR3,14
YLR203C,MSS51,14
YBL091C-A,SCS22,14
YCL014W,BUD3,14
YGL170C,SPO74,14
YCL033C,YCL033C,14
YMR052W,FAR3,14
YLR165C,PUS5,14
YJL200C,YJL200C,14
YLR164W,YLR164W,14
YOL042W,NGL1,14
YJL043W,YJL043W,14
YGL016W,KAP122,14
YCR037C,PHO87,14
YJL209W,CBP1,14
YAL037W,YAL037W,14
YJL150W,YJL150W,14
YNL034W,YNL034W,14
YEL072W,RMD6,14
YDR285W,ZIP1,14
YNL326C,YNL326C,14
YGL031C,RPL24A,14
YBR278W,DPB3,14
YFR043C,YFR043C,14
YCR067C,SED4,14
YHR047C,AAP1,14
YPL140C,MKK2,14
YER184C,YER184C,14
YPR037C,ERV2,14
YPL053C,KTR6,14
YGR282C,BGL2,14
YNL195C,YNL195C,14
YCL026C,YCL026C,14
YDR425W,SNX41,14
YPL039W,YPL039W,14
YMR316C-A,YMR316C-A,14
YOR018W,ROD1,14
YML066C,SMA2,14
YDL231C,BRE4,14
YDL234C,GYP7,14
YLR104W,YLR104W,14
YPR145W,ASN1,14
YMR038C,LYS7,14
YGR154C,YGR154C,14
YKL063C,YKL063C,14
YCR044C,PER1,14
YDL222C,YDL222C,14
YOR318C,YOR318C,14
YDR522C,SPS2,14
YDR136C,VPS61,14
YOR296W,YOR296W,14
YHR076W,PTC7,14
YDR291W,YDR291W,14
YLR453C,RIF2,14
YEL001C,YEL001C,14
YMR082C,YMR082C,14
YAL065C,YAL065C,14
YMR144W,YMR144W,14
YKL174C,YKL174C,14
YDR073W,SNF11,14
YML081C-A,ATP18,14
YDL122W,UBP1,14
YDR294C,DPL1,14
YDL161W,ENT1,14
YIR030C,DCG1,14
YJR050W,ISY1,14
YNL082W,PMS1,14
YML129C,COX14,14
YPL103C,YPL103C,14
YOL155C,YOL155C,14
YLR290C,YLR290C,14
YFL044C,YFL044C,14
YDL067C,COX9,14
YDR256C,CTA1,14
YLR110C,CCW12,14
YOR184W,SER1,14
YAL008W,FUN14,14
YBR223C,TDP1,14
YNL031C,HHT2,14
YHR009C,YHR009C,14
YDR111C,YDR111C,14
YJL181W,YJL181W,13
YJR038C,YJR038C,13
YOR125C,CAT5,13
YOR066W,YOR066W,13
YJL157C,FAR1,13
YLR294C,YLR294C,13
YKL201C,MNN4,13
YMR169C,ALD3,13
YDR029W,YDR029W,13
YLR296W,YLR296W,13
YMR275C,BUL1,13
YPR147C,YPR147C,13
YIL166C,YIL166C,13
YFR022W,YFR022W,13
YGL058W,RAD6,13
YGL032C,AGA2,13
YMR305C,SCW10,13
YNL315C,ATP11,13
YOR345C,YOR345C,13
YML003W,YML003W,13
YDL094C,YDL094C,13
YKL208W,CBT1,13
YDR428C,YDR428C,13
YDR126W,SWF1,13
YER131W,RPS26B,13
YOR154W,YOR154W,13
YJR127C,ZMS1,13
YPR130C,YPR130C,13
YFL015C,YFL015C,13
YJL214W,HXT8,13
YDR399W,HPT1,13
YIR027C,DAL1,13
YNL154C,YCK2,13
YDR093W,DNF2,13
YHR161C,YAP1801,13
YLR395C,COX8,13
YDR312W,SSF2,13
YJL166W,QCR8,13
YPR127W,YPR127W,13
YOR314W,YOR314W,13
YDL201W,TRM8,13
YMR304W,UBP15,13
YER051W,YER051W,13
YLR041W,YLR041W,13
YNL292W,PUS4,13
YOL158C,ENB1,13
YKR034W,DAL80,13
YOL059W,GPD2,13
YMR042W,ARG80,13
YDR442W,YDR442W,13
YNL085W,MKT1,13
YNR058W,BIO3,13
YIR017C,MET28,13
YBR040W,FIG1,13
YJL142C,YJL142C,13
YLR144C,ACF2,13
YER069W,"ARG5,6",13
YKR026C,GCN3,13
YGR077C,PEX8,13
YNR070W,PDR18,13
YGR137W,YGR137W,13
YDR309C,GIC2,13
YJL066C,MPM1,13
YFL050C,ALR2,13
YOR367W,SCP1,13
YHL019C,APM2,13
YML013C-A,YML013C-A,13
YKL168C,KKQ8,13
YGL205W,POX1,13
YGR102C,YGR102C,13
YJR021C,REC107,13
YGL033W,HOP2,13
YJL029C,VPS53,13
YLR358C,YLR358C,13
YKR087C,YKR087C,13
YJL149W,YJL149W,13
YLR082C,SRL2,13
YPL270W,MDL2,13
YNL147W,LSM7,13
YJL218W,YJL218W,13
YER052C,HOM3,13
YPL156C,PRM4,13
YDR152W,GIR2,13
YER066C-A,YER066C-A,13
YBL066C,SEF1,13
YBR041W,FAT1,13
YKL117W,SBA1,13
YPL133C,RDS2,13
YML032C,RAD52,13
YPL253C,VIK1,13
YCR011C,ADP1,13
YHR189W,PTH1,13
YPL198W,RPL7B,13
YIR021W,MRS1,13
YLR412W,YLR412W,13
YLR199C,YLR199C,13
YLR213C,CRR1,13
YJR110W,YJR110W,13
YER096W,SHC1,13
YDL156W,YDL156W,13
YBR197C,YBR197C,13
YPR059C,YPR059C,13
YGR209C,TRX2,13
YIL163C,YIL163C,13
YEL067C,YEL067C,13
YDL024C,DIA3,13
YLR200W,YKE2,13
YPR140W,YPR140W,13
YHR087W,YHR087W,13
YER091C-A,YER091C-A,13
YOR298C-A,MBF1,13
YLR405W,DUS4,13
YCL024W,KCC4,13
YNL296W,YNL296W,13
YBR094W,YBR094W,13
YJL208C,NUC1,13
YJR104C,SOD1,13
YFL031W,HAC1,13
YOL071W,EMI5,13
YER156C,YER156C,13
YPL256C,CLN2,13
YDR466W,YDR466W,13
YPL272C,YPL272C,13
YJR077C,MIR1,13
YHR061C,GIC1,13
YJR092W,BUD4,13
YPL108W,YPL108W,13
YEL024W,RIP1,13
YMR164C,MSS11,13
YJL098W,SAP185,13
YKL205W,LOS1,13
YDR400W,URH1,13
YDL128W,VCX1,13
YDL227C,HO,13
YGL208W,SIP2,13
YBL087C,RPL23A,13
YDR163W,CWC15,13
YBR120C,CBP6,13
YOR179C,YOR179C,13
YPL052W,YPL052W,13
YLR194C,YLR194C,13
YNL328C,MDJ2,13
YOL064C,MET22,13
YHL007C,STE20,13
YER062C,HOR2,13
YDL065C,PEX19,13
YKL034W,TUL1,13
YER065C,ICL1,13
YDL200C,MGT1,13
YNL101W,AVT4,13
YHR037W,PUT2,13
YDR495C,VPS3,13
YJL048C,YJL048C,13
YPR194C,OPT2,13
YMR224C,MRE11,13
YKR106W,YKR106W,13
YMR118C,YMR118C,13
YLR017W,MEU1,13
YML117W-A,YML117W-A,13
YLR107W,REX3,13
YGR093W,YGR093W,13
YOL082W,CVT19,13
YER140W,YER140W,13
YLR393W,ATP10,13
YNR061C,YNR061C,13
YML005W,YML005W,13
YDR411C,YDR411C,13
YKL086W,YKL086W,13
YLR431C,YLR431C,13
YGL226C-A,OST5,13
YLR036C,YLR036C,13
YJL213W,YJL213W,13
YLL013C,PUF3,13
YDR205W,MSC2,13
YDR096W,GIS1,13
YOR195W,SLK19,13
YJR137C,ECM17,13
YMR091C,NPL6,13
YBR133C,HSL7,13
YOR385W,YOR385W,13
YNR075W,COS10,13
YML090W,YML090W,13
YDR432W,NPL3,13
YPL018W,CTF19,13
YOR273C,TPO4,13
YIR004W,DJP1,13
YDR401W,YDR401W,13
YHR133C,YIG1,13
YBR086C,IST2,13
YDL175C,AIR2,13
YLR003C,YLR003C,13
YDR374C,YDR374C,13
YNL095C,YNL095C,13
YEL064C,AVT2,13
YAR029W,YAR029W,13
YLR313C,SPH1,13
YNL160W,YGP1,13
YJR135C,MCM22,13
YIL133C,RPL16A,12
YKL217W,JEN1,12
YOL096C,COQ3,12
YIL074C,SER33,12
YHR050W,SMF2,12
YBR294W,SUL1,12
YDR392W,SPT3,12
YER039C,HVG1,12
YML081W,YML081W,12
YIL014W,MNT3,12
YKL194C,MST1,12
YJR052W,RAD7,12
YJL023C,PET130,12
YKL071W,YKL071W,12
YMR286W,MRPL33,12
YDL072C,YDL072C,12
YGR131W,YGR131W,12
YHR162W,YHR162W,12
YPL032C,SVL3,12
YCR048W,ARE1,12
YJR105W,ADO1,12
YPR030W,CSR2,12
YDR263C,DIN7,12
YLR173W,YLR173W,12
YBR025C,YBR025C,12
YNL134C,YNL134C,12
YMR160W,YMR160W,12
YDR098C,GRX3,12
YMR025W,CSI1,12
YDR506C,YDR506C,12
YDL210W,UGA4,12
YDL110C,YDL110C,12
YLR247C,YLR247C,12
YBL089W,AVT5,12
YDR199W,YDR199W,12
YPL172C,COX10,12
YDR248C,YDR248C,12
YPR009W,SUT2,12
YGL232W,YGL232W,12
YOR307C,SLY41,12
YLR374C,YLR374C,12
YGR284C,ERV29,12
YIL009W,FAA3,12
YML109W,ZDS2,12
YOR253W,NAT5,12
YPR015C,YPR015C,12
YIL101C,XBP1,12
YOR189W,IES4,12
YBR082C,UBC4,12
YLR307W,CDA1,12
YDR233C,RTN1,12
YPL064C,CWC27,12
YLR398C,SKI2,12
YLR286C,CTS1,12
YOL046C,YOL046C,12
YDL149W,APG9,12
YCR006C,YCR006C,12
YHR086W,NAM8,12
YLL052C,AQY2,12
YPL260W,YPL260W,12
YIL138C,TPM2,12
YBR092C,PHO3,12
YJR048W,CYC1,12
YOR303W,CPA1,12
YOL007C,YOL007C,12
YHR131C,YHR131C,12
YER098W,UBP9,12
YLR220W,CCC1,12
YNR052C,POP2,12
YHR134W,WSS1,12
YGL248W,PDE1,12
YJR122W,CAF17,12
YOR339C,UBC11,12
YLR279W,YLR279W,12
YOL162W,YOL162W,12
YER028C,MIG3,12
YGL080W,YGL080W,12
YDL227C,HO,12
YBR019C,GAL10,12
YMR233W,YMR233W,12
YOR170W,YOR170W,12
YNL057W,YNL057W,12
YOL048C,YOL048C,12
YNR039C,ZRG17,12
YOR302W,YOR302W,12
YOL053C-A,YOL052C-A,12
YGR259C,YGR259C,12
YML084W,YML084W,12
YOL115W,TRF4,12
YGL221C,NIF3,12
YHR132C,ECM14,12
YOL037C,YOL037C,12
YHR123W,EPT1,12
YDL197C,ASF2,12
YLR261C,VPS63,12
YPR114W,YPR114W,12
YCR010C,ADY2,12
YAL059W,ECM1,12
YGR144W,THI4,12
YHR184W,SSP1,12
YMR053C,STB2,12
YAL007C,ERP2,12
YLR385C,YLR385C,12
YNL324W,YNL324W,12
YPL247C,YPL247C,12
YOR017W,PET127,12
YOL080C,REX4,12
YDR148C,KGD2,12
YLR073C,YLR073C,12
YER137C,YER137C,12
YOR005C,DNL4,12
YLR137W,YLR137W,12
YDR277C,MTH1,12
YLR266C,PDR8,12
YDR207C,UME6,12
YAL031C,FUN21,12
YGR203W,YGR203W,12
YPR049C,CVT9,12
YMR294W-A,YMR294W-A,12
YHR151C,YHR151C,12
YDR266C,YDR266C,12
YFR006W,YFR006W,12
YCR064C,YCR064C,12
YHR202W,YHR202W,12
YER128W,YER128W,12
YDR252W,BTT1,12
YJL145W,SFH5,12
YNL010W,YNL010W,12
YLR353W,BUD8,12
YGR023W,MTL1,12
YKL214C,YRA2,12
YLR255C,YLR255C,12
YDR244W,PEX5,12
YER016W,BIM1,12
YOL090W,MSH2,12
YER085C,YER085C,12
YNL334C,SNO2,12
YBR210W,ERV15,12
YFR030W,MET10,12
YGR222W,PET54,12
YCR073W-A,SOL2,12
YDR193W,YDR193W,12
YMR138W,CIN4,12
YLR063W,YLR063W,12
YLR248W,RCK2,12
YJR116W,YJR116W,12
YNL047C,YNL047C,12
YCL037C,SRO9,12
YLR370C,ARC18,12
YIL120W,QDR1,12
YER153C,PET122,12
YIR034C,LYS1,12
YDL012C,YDL012C,12
YDR043C,NRG1,12
YPL191C,YPL191C,12
YER074W,RPS24A,12
YDR463W,STP1,12
YGR112W,SHY1,12
YJL132W,YJL132W,12
YJL045W,YJL045W,12
YLR254C,YLR254C,12
YIL164C,NIT1,12
YCL036W,GFD2,12
YDR375C,BCS1,12
YGR027C,RPS25A,12
YNL109W,YNL109W,12
YBL095W,YBL095W,12
YFL055W,AGP3,12
YGR174C,CBP4,12
YLR348C,DIC1,12
YBR014C,YBR014C,12
YHR139C,SPS100,12
YNL187W,YNL187W,12
YLL015W,BPT1,12
YNR032C-A,HUB1,12
YDR371W,CTS2,12
YLR090W,XDJ1,12
YKL120W,OAC1,12
YPR192W,AQY1,12
YLR304C,ACO1,12
YBR249C,ARO4,12
YDR430C,CYM1,12
YLR099C,ICT1,12
YAL054C,ACS1,12
YNL159C,ASI2,12
YOR062C,YOR062C,12
YPL034W,YPL034W,12
YMR139W,RIM11,12
YDR408C,ADE8,12
YLR262C,YPT6,12
YDR015C,YDR015C,12
YGR053C,YGR053C,12
YOR298C-A,MBF1,12
YOR229W,WTM2,12
YLL025W,YLL025W,12
YDR197W,CBS2,12
YDR137W,RGP1,12
YOR032C,HMS1,12
YFL021W,GAT1,12
YGL066W,SGF73,12
YMR153W,NUP53,12
YBR028C,YBR028C,12
YNR042W,YNR042W,12
YOL105C,WSC3,12
YML059C,YML059C,12
YDR419W,RAD30,12
YDR520C,YDR520C,12
YPL258C,THI21,12
YNR028W,CPR8,12
YML060W,OGG1,12
YOR107W,RGS2,12
YLR217W,YLR217W,12
YKL164C,PIR1,12
YLR214W,FRE1,12
YOR248W,YOR248W,12
YOR271C,YOR271C,12
YOL002C,PHO36,12
YGL094C,PAN2,12
YBR261C,YBR261C,12
YKR027W,YKR027W,12
YDR158W,HOM2,11
YNL086W,YNL086W,11
YFL013W-A,YFL013W-A,11
YOL031C,YOL031C,11
YBL049W,MOH1,11
YKL200C,YKL200C,11
YDR094W,YDR094W,11
YDR323C,PEP7,11
YOR053W,YOR053W,11
YPL062W,YPL062W,11
YNL249C,MPA43,11
YJL126W,NIT2,11
YER038W-A,YER038W-A,11
YLR182W,SWI6,11
YBR279W,PAF1,11
YGL108C,YGL108C,11
YCR088W,ABP1,11
YNL191W,YNL191W,11
YPL250C,ICY2,11
YOL029C,YOL029C,11
YHR033W,YHR033W,11
YPL137C,YPL137C,11
YBL028C,YBL028C,11
YPL230W,USV1,11
YML083C,YML083C,11
YKL072W,STB6,11
YLL058W,YLL058W,11
YLL018C-A,COX19,11
YLR084C,RAX2,11
YDR117C,YDR117C,11
YLR269C,YLR269C,11
YJL055W,YJL055W,11
YJR058C,APS2,11
YNL321W,YNL321W,11
YOR014W,RTS1,11
YPL216W,YPL216W,11
YNL117W,MLS1,11
YDL223C,HBT1,11
YBR043C,AQR2,11
YHR110W,ERP5,11
YJR062C,NTA1,11
YOL131W,YOL131W,11
YKL142W,MRP8,11
YKR076W,ECM4,11
YJR010W,MET3,11
YDL227C,HO,11
YMR306C-A,YMR306C-A,11
YBL056W,PTC3,11
YDL135C,RDI1,11
YLR206W,ENT2,11
YDR245W,MNN10,11
YGL217C,YGL217C,11
YOR197W,MCA1,11
YPL150W,YPL150W,11
YHR193C,EGD2,11
YOL117W,RRI2,11
YOR247W,SRL1,11
YOL025W,LAG2,11
YOR035C,SHE4,11
YOR058C,ASE1,11
YML011C,YML011C,11
YNL255C,GIS2,11
YDL214C,PRR2,11
YMR177W,MMT1,11
YER079W,YER079W,11
YJL103C,YJL103C,11
YJL060W,BNA3,11
YPL197C,YPL197C,11
YLL017W,YLL017W,11
YER149C,PEA2,11
YOR136W,IDH2,11
YOL136C,PFK27,11
YKL103C,LAP4,11
YAL013W,DEP1,11
YBR057C,MUM2,11
YJR024C,YJR024C,11
YGR244C,LSC2,11
YDL192W,ARF1,11
YHR154W,RTT107,11
YMR092C,AIP1,11
YDL243C,AAD4,11
YLR072W,YLR072W,11
YER064C,YER064C,11
YFL007W,BLM3,11
YBR162W-A,YSY6,11
YOR121C,YOR121C,11
YGR291C,YGR291C,11
YHR113W,YHR113W,11
YOL098C,YOL098C,11
YBR171W,SEC66,11
YOL153C,YOL153C,11
YPR068C,HOS1,11
YBR150C,TBS1,11
YGR260W,TNA1,11
YDL185W,TFP1,11
YFL051C,YFL051C,11
YKL090W,CUE2,11
YOL132W,GAS4,11
YLR081W,GAL2,11
YBL107C,YBL107C,11
YNL106C,INP52,11
YER141W,COX15,11
YJL057C,YJL057C,11
YDR221W,YDR221W,11
YJL108C,PRM10,11
YBR048W,RPS11B,11
YBR034C,HMT1,11
YER101C,AST2,11
YOL067C,RTG1,11
YNR048W,YNR048W,11
YOR304C-A,YOR304C-A,11
YDR178W,SDH4,11
YNL303W,YNL303W,11
YLL016W,YLL016W,11
YOR031W,CRS5,11
YPR018W,RLF2,11
YNL278W,CAF120,11
YKL179C,COY1,11
YOL072W,THP1,11
YHR095W,YHR095W,11
YDR213W,UPC2,11
YLL043W,FPS1,11
YLR148W,PEP3,11
YOR328W,PDR10,11
YJR120W,YJR120W,11
YLR354C,TAL1,11
YDR264C,AKR1,11
YMR163C,YMR163C,11
YMR178W,YMR178W,11
YJR051W,OSM1,11
YKL084W,YKL084W,11
YML112W,CTK3,11
YOL122C,SMF1,11
YMR011W,HXT2,11
YJL112W,MDV1,11
YDR200C,VPS64,11
YEL051W,VMA8,11
YFR049W,YMR31,11
YPL054W,LEE1,11
YDR424C,DYN2,11
YLR209C,PNP1,11
YER010C,YER010C,11
YLR056W,ERG3,11
YBR010W,HHT1,11
YLR311C,YLR311C,11
YLR433C,CNA1,11
YJR124C,YJR124C,11
YMR006C,PLB2,11
YCR024C,YCR024C,11
YMR252C,YMR252C,11
YGR087C,PDC6,11
YDR003W,YDR003W,11
YDR169C,STB3,11
YKL046C,DCW1,11
YGR121C,MEP1,11
YOL013W-A,YOL013W-A,11
YKR051W,YKR051W,11
YML038C,YMD8,11
YPL061W,ALD6,11
YMR023C,MSS1,11
YIL034C,CAP2,11
YJL119C,YJL119C,11
YKL094W,YJU3,11
YDR261C,EXG2,11
YDR388W,RVS167,11
YPL267W,YPL267W,11
YLR046C,YLR046C,11
YPL248C,GAL4,11
YGL241W,KAP114,11
YOR059C,YOR059C,11
YML120C,NDI1,11
YBR248C,HIS7,11
YER108C,YER109C,11
YNL194C,YNL194C,11
YPL219W,PCL8,11
YNL316C,PHA2,11
YBR218C,PYC2,11
YBR030W,YBR030W,11
YHR028C,DAP2,11
YNL087W,YNL087W,11
YGR050C,YGR050C,11
YMR096W,SNZ1,11
YDR517W,GRH1,11
YLL046C,RNP1,11
YPL221W,BOP1,11
YLR326W,YLR326W,11
YBL057C,PTH2,11
YIR016W,YIR016W,11
YHR140W,YHR140W,11
YIR013C,GAT4,11
YBR022W,YBR022W,11
YKL065C,YET1,11
YEL028W,YEL028W,10
YDL137W,ARF2,10
YJR128W,YJR128W,10
YNL280C,ERG24,10
YLR030W,YLR030W,10
YGR123C,PPT1,10
YBR130C,SHE3,10
YLR322W,VPS65,10
YMR120C,ADE17,10
YER174C,GRX4,10
YFR055W,YFR055W,10
YBR009C,HHF1,10
YIL032C,YIL032C,10
YCL034W,LSB5,10
YMR206W,YMR206W,10
YGL114W,YGL114W,10
YGL049C,TIF4632,10
YMR170C,ALD2,10
YBR032W,YBR032W,10
YLR363C,NMD4,10
YOR003W,YSP3,10
YDR538W,PAD1,10
YGR167W,CLC1,10
YPR098C,YPR098C,10
YER044C,ERG28,10
YBL048W,YBL048W,10
YLR345W,YLR345W,10
YOL030W,GAS5,10
YHR114W,BZZ1,10
YDL241W,YDL241W,10
YLR445W,YLR445W,10
YKL027W,YKL027W,10
YML089C,YML089C,10
YIR035C,YIR035C,10
YEL017C-A,PMP2,10
YBL053W,YBL053W,10
YAL017W,PSK1,10
YER158C,YER158C,10
YGL004C,RPN14,10
YPL004C,LSP1,10
YHR015W,MIP6,10
YDL078C,MDH3,10
YML100W-A,YML100W-A,10
YMR029C,FAR8,10
YKR067W,GPT2,10
YDL227C,HO,10
YDL199C,YDL199C,10
YPR106W,ISR1,10
YNR056C,BIO5,10
YGR079W,YGR079W,10
YDL224C,WHI4,10
YAL051W,OAF1,10
YBL070C,YBL070C,10
YNR059W,MNT4,10
YLL060C,GTT2,10
YPL113C,YPL113C,10
YOR092W,ECM3,10
YDL020C,RPN4,10
YML131W,YML131W,10
YFL043C,YFL042C,10
YHR157W,REC104,10
YGR010W,NMA2,10
YPR062W,FCY1,10
YOR380W,RDR1,10
YGL146C,YGL146C,10
YHR126C,YHR126C,10
YLR142W,PUT1,10
YDR231C,COX20,10
YJR126C,VPS70,10
YDL046W,NPC2,10
YDR452W,PPN1,10
YBR213W,MET8,10
YIL139C,REV7,10
YLR241W,YLR241W,10
YDL218W,YDL218W,10
YBR045C,GIP1,10
YLR070C,XYL2,10
YGR001C,YGR001C,10
YDR492W,YDR492W,10
YBR205W,KTR3,10
YML128C,MSC1,10
YLR289W,GUF1,10
YDR421W,ARO80,10
YHR026W,PPA1,10
YHR080C,YHR080C,10
YHL037C,YHL037C,10
YOL109W,YOL109W,10
YCL038C,AUT4,10
YIR039C,YPS6,10
YHL031C,GOS1,10
YGL209W,MIG2,10
YPR155C,NCA2,10
YBL101C,ECM21,10
YLR390W-A,CCW14,10
YML087C,YML087C,10
YAL066W,YAL066W,10
YOL011W,PLB3,10
YBR052C,YBR052C,10
YNR069C,BSC5,10
YDR210W,YDR210W,10
YDR055W,PST1,10
YGL121C,GPG1,10
YJR108W,ABM1,10
YGL149W,YGL149W,10
YLR130C,ZRT2,10
YKL132C,RMA1,10
YML110C,COQ5,10
YDR415C,YDR415C,10
YFL032W,YFL032W,10
YOR009W,TIR4,10
YBR137W,YBR137W,10
YLR337C,VRP1,10
YDR042C,YDR042C,10
YLR460C,YLR460C,10
YOL085C,YOL085C,10
YOR338W,YOR338W,10
YPL229W,YPL229W,10
YER185W,YER185W,10
YOR258W,HNT3,10
YOR156C,NFI1,10
YAL060W,BDH1,10
YJL062W,LAS21,10
YNL035C,YNL035C,10
YPL071C,YPL071C,10
YBL005W,PDR3,10
YBR207W,FTH1,10
YBL094C,YBL094C,10
YER063W,THO1,10
YDL168W,SFA1,10
YBL088C,TEL1,10
YKR077W,YKR077W,10
YJL084C,YJL084C,10
YOR141C,ARP8,10
YOL020W,TAT2,10
YPR020W,ATP20,10
YMR153C-A,YMR153C-A,10
YLR136C,TIS11,10
YER109C,FLO8,10
YKR105C,YKR105C,10
YPL114W,YPL114W,10
YLR187W,YLR187W,10
YBR172C,SMY2,10
YGL210W,YPT32,10
YNL046W,YNL046W,10
YDL117W,CYK3,10
YPL013C,MRPS16,10
YNL139C,RLR1,10
YER045C,ACA1,10
YFL004W,VTC2,10
YJL078C,PRY3,10
YIL136W,OM45,10
YDR316W,YDR316W,10
YGR040W,KSS1,10
YML095C-A,YML095C-A,10
YLL056C,YLL056C,10
YGR263C,YGR263C,10
YFR044C,YFR044C,10
YHR013C,ARD1,10
YOR334W,MRS2,10
YGR281W,YOR1,10
YBL001C,ECM15,10
YML115C,VAN1,10
YNL281W,HCH1,10
YBR050C,REG2,10
YML052W,SUR7,10
YJR088C,YJR088C,10
YHR117W,TOM71,10
YPL006W,NCR1,10
YDR046C,BAP3,10
YDL219W,DTD1,10
YLR039C,RIC1,10
YMR304C-A,YMR304C-A,10
YDR446W,ECM11,10
YJR056C,YJR056C,10
YMR021C,MAC1,10
YHR171W,APG7,10
YOR228C,YOR228C,10
YLR098C,CHA4,10
YAL030W,SNC1,10
YDR344C,YDR344C,10
YGL202W,ARO8,10
YOR138C,YOR138C,10
YDR480W,DIG2,10
YNL105W,YNL105W,10
YIL110W,YIL110W,10
YDR142C,PEX7,10
YNL225C,CNM67,10
YMR320W,YMR320W,10
YIL069C,RPS24B,10
YER075C,PTP3,10
YLR122C,YLR122C,10
YGR068C,YGR068C,10
YLR227C,ADY4,10
YBR066C,NRG2,10
YMR215W,GAS3,10
YDR286C,YDR286C,10
YMR105C,PGM2,10
YBR272C,HSM3,10
YER055C,HIS1,10
YKL040C,NFU1,10
YOR324C,YOR324C,10
YHR150W,PEX28,10
YGL050W,YGL050W,10
YER027C,GAL83,10
YNL079C,TPM1,10
YOR269W,PAC1,10
YOR006C,YOR006C,10
YJR036C,HUL4,10
YNL108C,YNL108C,10
YOR280C,YOR280C,9
YDL009C,YDL009C,9
YDR183W,PLP1,9
YLL057C,YLL057C,9
YLR205C,HMX1,9
YCL025C,AGP1,9
YGL081W,YGL081W,9
YOR113W,AZF1,9
YJL132W,YJL132W,9
YBL060W,YBL060W,9
YPL214C,THI6,9
YKR043C,YKR043C,9
YBL043W,ECM13,9
YGR034W,RPL26B,9
YNL202W,SPS19,9
YGR052W,YGR052W,9
YJL027C,YJL027C,9
YOL032W,YOL032W,9
YGR285C,ZUO1,9
YLL059C,YLL059C,9
YKL030W,YKL030W,9
YML062C,MFT1,9
YPR093C,YPR093C,9
YGL067W,NPY1,9
YDR198C,YDR198C,9
YBR169C,SSE2,9
YKR014C,YPT52,9
YDR074W,TPS2,9
YLR012C,YLR012C,9
YDL130W-A,STF1,9
YBR035C,PDX3,9
YLR365W,YLR365W,9
YLL028W,TPO1,9
YPR133W-A,TOM5,9
YPL045W,VPS16,9
YJL183W,MNN11,9
YEL038W,UTR4,9
YOL107W,YOL107W,9
YPL185W,YPL185W,9
YLL009C,COX17,9
YGL223C,COG1,9
YDR048C,YDR048C,9
YNL049C,SFB2,9
YMR132C,YMR132C,9
YHR181W,SVP26,9
YPR045C,YPR045C,9
YNL170W,YNL170W,9
YPR158W,YPR158W,9
YHR177W,GON3,9
YKR053C,YSR3,9
YFL035C-B,YFL034C-A,9
YAL045C,YAL045C,9
YKL100C,YKL100C,9
YLR372W,SUR4,9
YIL054W,YIL054W,9
YJL172W,CPS1,9
YGL255W,ZRT1,9
YDR179C,CSN9,9
YDL088C,ASM4,9
YGR183C,QCR9,9
YGR276C,RNH70,9
YLR080W,EMP46,9
YPL149W,APG5,9
YNR009W,YNR009W,9
YCR107W,AAD3,9
YLR303W,MET17,9
YOR348C,PUT4,9
YHR138C,YHR138C,9
YCR099C,YCR099C,9
YDL062W,YDL062W,9
YGR202C,PCT1,9
YLR273C,PIG1,9
YDR379W,RGA2,9
YDR530C,APA2,9
YNL004W,HRB1,9
YNL269W,BSC4,9
YNL130C,CPT1,9
YOR126C,IAH1,9
YDR216W,ADR1,9
YJR103W,URA8,9
YMR257C,PET111,9
YKL183W,LOT5,9
YDR476C,YDR476C,9
YLL053C,YLL053C,9
YDR239C,YDR239C,9
YER047C,SAP1,9
YDR204W,COQ4,9
YMR300C,ADE4,9
YGL244W,RTF1,9
YFR014C,CMK1,9
YMR253C,YMR253C,9
YBL072C,RPS8A,9
YKR018C,YKR018C,9
YOL043C,NTG2,9
YER119C,AVT6,9
YDL006W,PTC1,9
YGR026W,YGR026W,9
YJR150C,DAN1,9
YLR246W,ERF2,9
YBR287W,YBR287W,9
YDL230W,PTP1,9
YFL047W,RGD2,9
YDR032C,PST2,9
YNL336W,COS1,9
YOR065W,CYT1,9
YOL055C,THI20,9
YOR381W,FRE3,9
YFR054C,YFR054C,9
YLR258W,GSY2,9
YHL043W,ECM34,9
YDR515W,SLF1,9
YLR178C,TFS1,9
YAR002W,NUP60,9
YNR002C,FUN34,9
YDL114W,YDL114W,9
YDL188C,PPH22,9
YDR085C,AFR1,9
YCR071C,IMG2,9
YFL054C,YFL054C,9
YNL285W,YNL285W,9
YDR130C,FIN1,9
YNL144C,YNL144C,9
YMR140W,SIP5,9
YLR335W,NUP2,9
YOR223W,YOR223W,9
YDR018C,YDR018C,9
YFR038W,YFR038W,9
YLR283W,YLR283W,9
YBR233W,PBP2,9
YIL094C,LYS12,9
YOL017W,ESC8,9
YPL112C,PEX25,9
YCL048W,YCL048W,9
YJR047C,ANB1,9
YCL035C,GRX1,9
YPR199C,ARR1,9
YGL053W,PRM8,9
YPL001W,HAT1,9
YLR432W,IMD3,9
YNL193W,YNL193W,9
YMR255W,GFD1,9
YHL028W,WSC4,9
YNL184C,YNL184C,9
YIL173W,VTH1,9
YBR016W,YBR016W,9
YBR173C,UMP1,9
YGR097W,ASK10,9
YGL025C,PGD1,9
YDL068W,YDL068W,9
YEL050C,RML2,9
YDR157W,YDR157W,9
YNL289W,PCL1,9
YPR003C,YPR003C,9
YIL131C,FKH1,9
YGL234W,"ADE5,7",9
YNL301C,RPL18B,9
YBR053C,YBR053C,9
YPR171W,BSP1,9
YGR063C,SPT4,9
YFR032C,YFR032C,9
YGL177W,YGL177W,9
YLR367W,RPS22B,9
YOL079W,YOL079W,9
YMR018W,YMR018W,9
YGR107W,YGR107W,9
YLR416C,YLR416C,9
YKL091C,YKL091C,9
YJL038C,YJL038C,9
YJR025C,BNA1,9
YLR380W,CSR1,9
YGL140C,YGL140C,9
YOR315W,YOR315W,9
YOR325W,YOR325W,9
YHL040C,ARN1,9
YDR109C,YDR109C,9
YOR163W,DDP1,9
YBR184W,YBR184W,9
YCL030C,HIS4,9
YDR330W,YDR330W,9
YKR020W,VPS67,9
YJL044C,GYP6,9
YOL053W,YOL053W,9
YKL043W,PHD1,9
YGR104C,SRB5,9
YJL083W,YJL083W,9
YER056C,FCY2,9
YAL068C,YAL068C,9
YER170W,ADK2,9
YLL026W,HSP104,9
YGL179C,YGL179C,9
YOR209C,NPT1,9
YML029W,USA1,9
YOR379C,YOR379C,9
YKL026C,GPX1,9
YMR310C,YMR310C,9
YHR003C,YHR003C,9
YOL119C,MCH4,9
YAR002C-A,ERP1,9
YCL056C,YCL056C,9
YLR231C,BNA5,9
YGR250C,YGR250C,9
YLR450W,HMG2,9
YPL019C,VTC3,9
YPR001W,CIT3,9
YGR015C,YGR015C,9
YKL114C,APN1,9
YLR456W,YLR456W,9
YDR132C,YDR132C,9
YKR015C,YKR015C,9
YPR054W,SMK1,9
YKR091W,SRL3,9
YDL238C,YDL238C,9
YEL039C,CYC7,9
YKL020C,SPT23,9
YDL051W,LHP1,9
YHR199C,YHR199C,9
YBL044W,YBL044W,9
YFL030W,AGX1,9
YHL046C,YHL046C,9
YGL168W,HUR1,8
YNL286W,CUS2,8
YPL164C,MLH3,8
YLR250W,SSP120,8
YNL143C,YNL143C,8
YKL102C,YKL102C,8
YDR209C,YDR209C,8
YDL133C-A,RPL41B,8
YLR092W,SUL2,8
YAR030C,YAR030C,8
YLR287C,YLR287C,8
YJR009C,TDH2,8
YKR064W,YKR064W,8
YDL056W,MBP1,8
YDR138W,HPR1,8
YLR018C,POM34,8
YNL142W,MEP2,8
YLR346C,YLR346C,8
YCL022C,YCL022C,8
YGR180C,RNR4,8
YPL069C,BTS1,8
YKL124W,SSH4,8
YOR312C,RPL20B,8
YMR090W,YMR090W,8
YML086C,ALO1,8
YGL176C,YGL176C,8
YML123C,PHO84,8
YOR186W,YOR186W,8
YBR235W,YBR235W,8
YDL204W,RTN2,8
YBR067C,TIP1,8
YKR046C,PET10,8
YOR213C,SAS5,8
YDL080C,THI3,8
YCL049C,YCL049C,8
YCR001W,YCR001W,8
YDL176W,YDL176W,8
YBR033W,EDS1,8
YIL103W,YIL103W,8
YBL085W,BOI1,8
YOR376W,YOR376W,8
YNL127W,FAR11,8
YER132C,PMD1,8
YNL096C,RPS7B,8
YKL068W,NUP100,8
YCR031C,RPS14A,8
YLR004C,YLR004C,8
YHL038C,CBP2,8
YMR291W,YMR291W,8
YJL160C,YJL160C,8
YML047C,PRM6,8
YOL047C,YOL047C,8
YKL133C,YKL133C,8
YJL058C,BIT1,8
YGR105W,VMA21,8
YER186C,YER186C,8
YLR444C,YLR444C,8
YML096W,YML096W,8
YGL084C,GUP1,8
YCL050C,APA1,8
YDR119W,YDR119W,8
YPR150W,YPR150W,8
YER178W,PDA1,8
YNL327W,EGT2,8
YAL023C,PMT2,8
YPL073C,YPL073C,8
YLR083C,EMP70,8
YNL074C,MLF3,8
YKL113C,RAD27,8
YDR104C,SPO71,8
YNL190W,YNL190W,8
YCL069W,YCL069W,8
YDR070C,YDR070C,8
YBL078C,AUT7,8
YDL093W,PMT5,8
YGR193C,PDX1,8
YKL167C,MRP49,8
YKL175W,ZRT3,8
YHR092C,HXT4,8
YAR027W,UIP3,8
YFR033C,QCR6,8
YDR030C,RAD28,8
YER024W,YAT2,8
YFL040W,YFL040W,8
YDL227C,HO,8
YOR011W,AUS1,8
YEL017W,GTT3,8
YIL036W,CST6,8
YGR020C,VMA7,8
YBL081W,YBL081W,8
YOL116W,MSN1,8
YAL004W,YAL004W,8
YGR124W,ASN2,8
YDR501W,PLM2,8
YDR320C,SWA2,8
YBR031W,RPL4A,8
YBR242W,YBR242W,8
YPL257W,YPL257W,8
YMR074C,YMR074C,8
YMR307W,GAS1,8
YOL051W,GAL11,8
YBR250W,YBR250W,8
YKL047W,YKL047W,8
YDR079W,PET100,8
YPL067C,YPL067C,8
YBR226C,YBR226C,8
YFR046C,YFR046C,8
YPL236C,YPL236C,8
YDL227C,HO,8
YER001W,MNN1,8
YMR081C,ISF1,8
YNR073C,YNR073C,8
YIR024C,YIR024C,8
YOL152W,FRE7,8
YPL245W,YPL245W,8
YNR065C,YSN1,8
YLR421C,RPN13,8
YLR423C,APG17,8
YML099C,ARG81,8
YLR415C,YLR415C,8
YJL067W,YJL067W,8
YLR219W,MSC3,8
YOR008C,SLG1,8
YDR102C,YDR102C,8
YDR440W,DOT1,8
YKL130C,SHE2,8
YOR221C,MCT1,8
YER002W,NOP16,8
YDL171C,GLT1,8
YER014W,HEM14,8
YJL049W,YJL049W,8
YDR287W,YDR287W,8
YGL249W,ZIP2,8
YDR068W,DOS2,8
YLR188W,MDL1,8
YBR221C,PDB1,8
YDL206W,YDL206W,8
YBR293W,YBR293W,8
YLR011W,LOT6,8
YLR210W,CLB4,8
YDR051C,YDR051C,8
YLL048C,YBT1,8
YDL184C,RPL41A,8
YBR108W,YBR108W,8
YGR078C,PAC10,8
YPR109W,YPR109W,8
YNL200C,YNL200C,8
YCR023C,YCR023C,8
YJR018W,YJR018W,8
YIL098C,FMC1,8
YDR234W,LYS4,8
YGL057C,YGL057C,8
YOR363C,PIP2,8
YBL013W,FMT1,8
YDL124W,YDL124W,8
YKL031W,YKL031W,8
YLR334C,YLR334C,8
YER011W,TIR1,8
YDR338C,YDR338C,8
YLR121C,YPS3,8
YKL061W,YKL061W,8
YBR024W,SCO2,8
YNL333W,SNZ2,8
YBR299W,MAL32,8
YKR104W,YKR104W,8
YJL196C,ELO1,8
YPL220W,RPL1A,8
YKR033C,YKR033C,8
YDR195W,REF2,8
YBR276C,PPS1,8
YPL215W,CBP3,8
YDR272W,GLO2,8
YGL254W,FZF1,8
YDL063C,YDL063C,8
YML050W,YML050W,8
YLR392C,YLR392C,8
YMR086W,YMR086W,8
YER049W,YER049W,8
YOR288C,MPD1,8
YDL069C,CBS1,8
YPL268W,PLC1,8
YCR051W,YCR051W,8
YDR066C,YDR066C,8
YEL065W,SIT1,8
YER155C,BEM2,8
YBR139W,YBR139W,8
YJR146W,YJR146W,8
YOR105W,YOR105W,8
YLR138W,NHA1,8
YNR033W,ABZ1,8
YPL165C,SET6,8
YDL118W,YDL118W,8
YDR184C,ATC1,8
YGL002W,ERP6,8
YER067W,YER067W,8
YGR201C,YGR201C,8
YBR230C,YBR230C,8
YPL017C,YPL017C,8
YGL167C,PMR1,8
YPR134W,MSS18,8
YBR065C,ECM2,8
YLR023C,YLR023C,8
YGL028C,SCW11,8
YBR003W,COQ1,8
YKL008C,LAC1,8
YOL015W,YOL015W,8
YJL191W,RPS14B,8
YLR034C,SMF3,8
YEL027W,CUP5,8
YDR237W,MRPL7,8
YHR059W,FYV4,8
YKL140W,TGL1,8
YER118C,SHO1,8
YJL107C,YJL107C,8
YAL027W,YAL027W,8
YOR344C,TYE7,8
YBR051W,YBR051W,8
YMR232W,FUS2,8
YDR274C,YDR274C,8
YHR039C-B,YHR039C-A,8
YOR022C,YOR022C,8
YBL086C,YBL086C,8
YKL017C,HCS1,8
YJL079C,PRY1,8
YBL068W,PRS4,8
YKR069W,MET1,8
YAL028W,YAL028W,8
YHL017W,YHL017W,8
YPL046C,ELC1,8
YJL088W,ARG3,8
YGL242C,YGL242C,8
YKL119C,VPH2,8
YPL224C,MMT2,8
YDR223W,YDR223W,8
YER117W,RPL23B,8
YOR192C,YOR192C,7
YPL141C,YPL141C,7
YPR078C,YPR078C,7
YCR063W,BUD31,7
YOR284W,HUA2,7
YDR436W,PPZ2,7
YGL226W,YGL226W,7
YBL063W,KIP1,7
YPL206C,YPL206C,7
YKR070W,YKR070W,7
YJR096W,YJR096W,7
YKR036C,CAF4,7
YCL027W,FUS1,7
YOR101W,RAS1,7
YDL157C,YDL157C,7
YJR154W,YJR154W,7
YER139C,YER139C,7
YPR005C,HAL1,7
YLR344W,RPL26A,7
YJL077C,ICS3,7
YCR004C,YCP4,7
YEL049W,PAU2,7
YNL176C,YNL176C,7
YPL033C,YPL033C,7
YBR114W,RAD16,7
YPL186C,UIP4,7
YEL025C,YEL025C,7
YOR205C,YOR205C,7
YMR182C,RGM1,7
YJR094W-A,RPL43B,7
YDR061W,YDR061W,7
YJR148W,BAT2,7
YPR002W,PDH1,7
YPL147W,PXA1,7
YGL126W,SCS3,7
YJR074W,MOG1,7
YGL229C,SAP4,7
YDR514C,YDR514C,7
YBL036C,YBL036C,7
YGR279C,SCW4,7
YHR075C,PPE1,7
YMR204C,YMR204C,7
YNL107W,YAF9,7
YLR240W,VPS34,7
YGR062C,COX18,7
YOL019W,YOL019W,7
YBR075W,YBR075W,7
YGR254W,ENO1,7
YGR110W,YGR110W,7
YMR318C,ADH6,7
YGR171C,MSM1,7
YDR528W,HLR1,7
YDR219C,YDR219C,7
YGR109C,CLB6,7
YOR021C,YOR021C,7
YGR224W,AZR1,7
YHR094C,HXT1,7
YGL157W,YGL157W,7
YMR234W,RNH1,7
YER067C-A,YER067C-A,7
YGR088W,CTT1,7
YLR338W,YLR338W,7
YLR320W,MMS22,7
YDL134C-A,YDL134C-A,7
YDR089W,YDR089W,7
YKR049C,YKR049C,7
YOL141W,PPM2,7
YNR063W,YNR063W,7
YFR016C,YFR016C,7
YPL183W-A,GON5,7
YLR112W,YLR112W,7
YPR076W,YPR076W,7
YDL057W,YDL057W,7
YKR044W,UIP5,7
YPL226W,NEW1,7
YLR109W,AHP1,7
YER176W,ECM32,7
YOR134W,BAG7,7
YBR020W,GAL1,7
YBR182C,SMP1,7
YHR016C,YSC84,7
YHR011W,DIA4,7
YPR047W,MSF1,7
YPL109C,YPL109C,7
YAL012W,CYS3,7
YHR185C,PFS1,7
YDR443C,SSN2,7
YLR211C,YLR211C,7
YDL086W,YDL086W,7
YMR030W,YMR030W,7
YDR293C,SSD1,7
YJR109C,CPA2,7
YLR449W,FPR4,7
YER179W,DMC1,7
YMR228W,MTF1,7
YFL042C,YFL042C,7
YHR032W,YHR032W,7
YML009C,MRPL39,7
YNL059C,ARP5,7
YNL067W,RPL9B,7
YGR155W,CYS4,7
YDR441C,APT2,7
YBL039C,URA7,7
YOL104C,NDJ1,7
YPR118W,YPR118W,7
YOR222W,ODC2,7
YER187W,YER187W,7
YGL010W,YGL010W,7
YFR031C-A,RPL2A,7
YDL035C,GPR1,7
YOR225W,YOR225W,7
YBR277C,YBR277C,7
YDR215C,YDR215C,7
YDL174C,DLD1,7
YAL061W,YAL061W,7
YMR040W,YMR040W,7
YGR111W,YGR111W,7
YPR027C,YPR027C,7
YHR100C,YHR100C,7
YGL156W,AMS1,7
YLR454W,YLR454W,7
YMR172W,HOT1,7
YOR347C,PYK2,7
YGR070W,ROM1,7
YIR019C,MUC1,7
YBL019W,APN2,7
YOL103W,ITR2,7
YBR064W,YBR064W,7
YBR176W,ECM31,7
YIL010W,DOT5,7
YDR352W,YDR352W,7
YNR055C,HOL1,7
YER111C,SWI4,7
YLR429W,CRN1,7
YOR178C,GAC1,7
YFR012W,YFR012W,7
YJR011C,YJR011C,7
YCL009C,ILV6,7
YKL161C,YKL161C,7
YHR064C,SSZ1,7
YLR267W,BOP2,7
YLR364W,YLR364W,7
YDR393W,SHE9,7
YBR047W,YBR047W,7
YDR512C,EMI1,7
YMR289W,ABZ2,7
YDR206W,EBS1,7
YJR134C,SGM1,7
YKR039W,GAP1,7
YJR118C,ILM1,7
YMR165C,SMP2,7
YNL009W,IDP3,7
YMR210W,YMR210W,7
YER061C,CEM1,7
YPR021C,AGC1,7
YKR090W,PXL1,7
YML104C,MDM1,7
YBR090C,YBR090C,7
YML076C,WAR1,7
YBR129C,OPY1,7
YCR083W,TRX3,7
YNL121C,TOM70,7
YKL054C,DEF1,7
YOL112W,MSB4,7
YKL096W,CWP1,7
YDL109C,YDL109C,7
YHR096C,HXT5,7
YCR016W,YCR016W,7
YLR040C,YLR040C,7
YAL020C,ATS1,7
YLR237W,THI7,7
YPR017C,DSS4,7
YKR045C,YKR045C,7
YGR067C,YGR067C,7
YBR113W,YBR113W,7
YBL015W,ACH1,7
YER077C,YER077C,7
YOR321W,PMT3,7
YHR018C,ARG4,7
YPR185W,APG13,7
YJL068C,YJL068C,7
YNR045W,PET494,7
YHR021W-A,ECM12,7
YOL014W,YOL014W,7
YFR032C-A,RPL29,7
YLR325C,RPL38,7
YHR046C,INM1,7
YGR014W,MSB2,7
YPR148C,YPR148C,7
YMR086C-A,YMR086C-A,7
YNL072W,RNH35,7
YGL237C,HAP2,7
YDL127W,PCL2,7
YGR214W,RPS0A,7
YNL229C,URE2,7
YNL065W,AQR1,7
YJL171C,YJL171C,7
YGR275W,RTT102,7
YDR273W,DON1,7
YDL019C,OSH2,7
YLL054C,YLL054C,7
YLR043C,TRX1,7
YNL042W,BOP3,7
YPR138C,MEP3,7
YIL015C-A,YIL015C-A,7
YDR229W,IVY1,7
YLR438W,CAR2,7
YGR032W,GSC2,7
YPR024W,YME1,7
YGL059W,YGL059W,7
YGL139W,YGL139W,7
YBR285W,YBR285W,7
YOR040W,GLO4,7
YPL148C,PPT2,7
YAR037W,YAR037W,7
YML048W-A,YML048W-A,7
YCL039W,MOH2,7
YOR019W,YOR019W,7
YNR020C,YNR020C,7
YJR078W,BNA2,7
YLR404W,YLR404W,7
YEL016C,YEL016C,6
YPR012W,YPR012W,6
YBR258C,SHG1,6
YOR298W,YOR298W,6
YAL047C,SPC72,6
YCL012W,YCL014W,6
YDR090C,YDR090C,6
YML073C,RPL6A,6
YJL176C,SWI3,6
YGL162W,SUT1,6
YGR230W,BNS1,6
YLR193C,YLR193C,6
YHR079C-B,YHR079C-A,6
YOR369C,RPS12,6
YGL159W,YGL159W,6
YBL021C,HAP3,6
YDR504C,YDR504C,6
YHR049W,YHR049W,6
YGL257C,MNT2,6
YLR382C,NAM2,6
YJL175W,YJL175W,6
YGR217W,CCH1,6
YHR041C,SRB2,6
YJL056C,ZAP1,6
YLL012W,YLL012W,6
YCR089W,FIG2,6
YLR287C-A,RPS30A,6
YMR180C,CTL1,6
YEL044W,IES6,6
YOR073W,YOR073W,6
YOR137C,SIA1,6
YGL243W,TAD1,6
YMR107W,YMR107W,6
YMR034C,YMR034C,6
YHR130C,YHR130C,6
YML010C-B,YML010C-B,6
YOR343C,YOR343C,6
YNL138W,SRV2,6
YMR167W,MLH1,6
YGR069W,YGR069W,6
YOR316C,COT1,6
YMR184W,YMR184W,6
YDL227C,HO,6
YGR295C,COS6,6
YHR125W,YHR125W,6
YIL084C,SDS3,6
YLR016C,YLR016C,6
YMR295C,YMR295C,6
YFR056C,YFR056C,6
YIL060W,YIL060W,6
YDL011C,YDL011C,6
YGL089C,MF(ALPHA)2,6
YPL026C,SKS1,6
YEL056W,HAT2,6
YPR172W,YPR172W,6
YKL202W,YKL202W,6
YCL007C,CWH36,6
YOL151W,GRE2,6
YEL057C,YEL057C,6
YOR266W,PNT1,6
YGR241C,YAP1802,6
YDL045W-A,MRP10,6
YHR039C,MSC7,6
YLR096W,KIN2,6
YPL171C,OYE3,6
YLL033W,GON2,6
YOR365C,YOR365C,6
YMR031C,YMR031C,6
YNL005C,MRP7,6
YGR066C,YGR066C,6
YNR004W,YNR004W,6
YFR047C,BNA6,6
YJR080C,YJR080C,6
YNL297C,MON2,6
YFL046W,YFL046W,6
YMR282C,AEP2,6
YHL039W,YHL039W,6
YPR159W,KRE6,6
YGR151C,YGR151C,6
YKL053C-A,MDM35,6
YBL093C,ROX3,6
YPL161C,BEM4,6
YNL120C,YNL120C,6
YGL079W,YGL079W,6
YLR390W,ECM19,6
YGR141W,VPS62,6
YKR013W,PRY2,6
YDR133C,YDR133C,6
YNR071C,YNR071C,6
YIR029W,DAL2,6
YJR026W,YJR026W,6
YDR503C,LPP1,6
YEL010W,YEL010W,6
YGL262W,YGL262W,6
YPL096W,PNG1,6
YFR041C,YFR041C,6
YOR215C,YOR215C,6
YHR067W,RMD12,6
YER180C,ISC10,6
YOR167C,RPS28A,6
YDR368W,YPR1,6
YPR075C,OPY2,6
YOL160W,YOL160W,6
YJL013C,MAD3,6
YNL246W,VPS75,6
YKL080W,VMA5,6
YNR064C,YNR064C,6
YOR201C,PET56,6
YDR105C,TMS1,6
YDL138W,RGT2,6
YGR161C,RTS3,6
YJL177W,RPL17B,6
YHR127W,YHR127W,6
YLR401C,DUS3,6
YFR039C,YFR039C,6
YPL035C,YPL035C,6
YBR159W,YBR159W,6
YLR079W,SIC1,6
YCL029C,BIK1,6
YLL002W,RTT109,6
YOR208W,PTP2,6
YPL068C,YPL068C,6
YLR097C,HRT3,6
YGR205W,YGR205W,6
YPR139C,VPS66,6
YOR187W,TUF1,6
YGL063W,PUS2,6
YOR129C,YOR129C,6
YOL039W,RPP2A,6
YLR118C,YLR118C,6
YDR447C,RPS17B,6
YDR453C,TSA2,6
YJR060W,CBF1,6
YMR078C,CTF18,6
YDR336W,YDR336W,6
YML070W,DAK1,6
YJR119C,YJR119C,6
YHR137W,ARO9,6
YDL123W,SNA4,6
YDL106C,PHO2,6
YOL058W,ARG1,6
YGR018C,YGR018C,6
YAL064C-A,YAL064C-A,6
YDR363W-A,SEM1,6
YOL004W,SIN3,6
YLR328W,NMA1,6
YNL338W,YNL338W,6
YKR055W,RHO4,6
YPR101W,SNT309,6
YBR225W,YBR225W,6
YPR036W,VMA13,6
YFR023W,PES4,6
YBR074W,YBR074W,6
YOR172W,YOR172W,6
YPR073C,LTP1,6
YLR265C,NEJ1,6
YML094W,GIM5,6
YKL198C,PTK1,6
YLR042C,YLR042C,6
YLR047C,YLR047C,6
YMR175W,SIP18,6
YHL024W,RIM4,6
YBR116C,YBR116C,6
YPL005W,YPL005W,6
YHR057C,CPR2,6
YDL136W,RPL35B,6
YGL041C,YGL041C,6
YLR352W,YLR352W,6
YPL199C,YPL199C,6
YER106W,MAM1,6
YHL010C,YHL010C,6
YOR013W,YOR013W,6
YGR240C,PFK1,6
YJL120W,YJL120W,6
YKL215C,YKL215C,6
YMR251W,YMR251W,6
YGR142W,BTN2,6
YKL050C,YKL050C,6
YKR041W,YKR041W,6
YPL048W,CAM1,6
YEL045C,YEL045C,6
YDR186C,YDR186C,6
YPL163C,SVS1,6
YGL085W,YGL085W,6
YDR097C,MSH6,6
YKL118W,YKL118W,6
YOR242C,SSP2,6
YBR106W,PHO88,6
YLR280C,YLR280C,6
YPL107W,YPL107W,6
YLR425W,TUS1,6
YPR026W,ATH1,6
YNL051W,COG5,6
YIR042C,YIR042C,6
YIL007C,NAS2,6
YNR019W,ARE2,6
YLL027W,ISA1,6
YGR126W,YGR126W,6
YDR116C,MRPL1,6
YGR199W,PMT6,6
YFL028C,CAF16,6
YFL020C,PAU5,6
YIR038C,GTT1,6
YKL137W,YKL137W,5
YOL143C,RIB4,5
YKL220C,FRE2,5
YDR100W,TVP15,5
YNL058C,YNL058C,5
YOR150W,MRPL23,5
YBL069W,AST1,5
YOR112W,YOR112W,5
YDR185C,YDR185C,5
YPL123C,RNY1,5
YMR179W,SPT21,5
YGL258W,VEL1,5
YML118W,NGL3,5
YJL096W,MRPL49,5
YAL039C,CYC3,5
YFR026C,YFR026C,5
YDR459C,YDR459C,5
YFL003C,MSH4,5
YBR271W,YBR271W,5
YPR008W,HAA1,5
YOR054C,VHS3,5
YOL075C,YOL075C,5
YOR356W,YOR356W,5
YOR130C,ORT1,5
YCL028W,RNQ1,5
YPL102C,YPL102C,5
YKL162C,YKL162C,5
YDR512C,EMI1,5
YLR351C,NIT3,5
YGR173W,GIR1,5
YFR045W,YFR045W,5
YMR322C,SNO4,5
YGR035C,YGR035C,5
YOR080W,DIA2,5
YFR057W,YFR057W,5
YML122C,YML122C,5
YKR074W,YKR074W,5
YDR337W,MRPS28,5
YDR506C,YDR506C,5
YLR386W,VAC14,5
YBR118W,TEF2,5
YER053C,YER053C,5
YJL102W,MEF2,5
YLR447C,VMA6,5
YCR091W,KIN82,5
YGL006W,PMC1,5
YER039C-A,YER039C-A,5
YKR078W,YKR078W,5
YLR366W,YLR366W,5
YCR030C,SYP1,5
YPL173W,MRPL40,5
YDL099W,YDL099W,5
YOL125W,YOL125W,5
YLL055W,YLL055W,5
YLR349W,YLR349W,5
YLL030C,YLL030C,5
YOR358W,HAP5,5
YJL075C,APQ13,5
YML101C,CUE4,5
YIL070C,MAM33,5
YNL248C,RPA49,5
YMR019W,STB4,5
YGL200C,EMP24,5
YBL106C,SRO77,5
YDR523C,SPS1,5
YPR128C,ANT1,5
YML100W,TSL1,5
YPL106C,SSE1,5
YDL026W,YDL026W,5
YCR014C,POL4,5
YBR039W,ATP3,5
YDR535C,YDR535C,5
YKR060W,UTP30,5
YPR014C,YPR014C,5
YPR131C,NAT3,5
YBL091C,MAP2,5
YPR167C,MET16,5
YOR230W,WTM1,5
YMR041C,YMR041C,5
YDR019C,GCV1,5
YBR075W,YBR075W,5
YMR104C,YPK2,5
YBR141C,YBR141C,5
YGL132W,YGL132W,5
YBR251W,MRPS5,5
YGL196W,YGL196W,5
YGR225W,AMA1,5
YKL138C,MRPL31,5
YHR111W,UBA4,5
YKR011C,YKR011C,5
YBR275C,RIF1,5
YDL013W,HEX3,5
YDL054C,MCH1,5
YLR394W,CST9,5
YMR148W,YMR148W,5
YMR143W,RPS16A,5
YDR513W,TTR1,5
YOR354C,MSC6,5
YDL215C,GDH2,5
YBL075C,SSA3,5
YPL130W,SPO19,5
YDR069C,DOA4,5
YBR239C,YBR239C,5
YGR049W,SCM4,5
YLR329W,REC102,5
YDR541C,YDR541C,5
YBR097W,VPS15,5
YOR108W,LEU9,5
YML026C,RPS18B,5
YAL044C,GCV3,5
YPR063C,YPR063C,5
YNR014W,YNR014W,5
YKL123W,YKL123W,5
YEL061C,CIN8,5
YPR188C,MLC2,5
YDR036C,EHD3,5
YDR448W,ADA2,5
YPL263C,KEL3,5
YEL023C,YEL023C,5
YDR300C,PRO1,5
YOR386W,PHR1,5
YOR188W,MSB1,5
YML008C,ERG6,5
YCR084C,TUP1,5
YER107C,GLE2,5
YCR081W,SRB8,5
YLR406C,RPL31B,5
YDR481C,PHO8,5
YGL222C,EDC1,5
YGR127W,YGR127W,5
YIL037C,PRM2,5
YGR118W,RPS23A,5
YOL114C,YOL114C,5
YER135C,YER135C,5
YBR161W,YBR161W,5
YPL027W,SMA1,5
YHR147C,MRPL6,5
YGL259W,YPS5,5
YLR221C,RSA3,5
YKR085C,MRPL20,5
YDR536W,STL1,5
YOR283W,YOR283W,5
YBR180W,DTR1,5
YPL119C,DBP1,5
YLR061W,RPL22A,5
YLR263W,RED1,5
YAL022C,FUN26,5
YNL168C,YNL168C,5
YBR262C,YBR262C,5
YGR003W,YGR003W,5
YNL311C,YNL311C,5
YDR496C,PUF6,5
YDR347W,MRP1,5
YDR147W,EKI1,5
YPL189W,GUP2,5
YCR005C,CIT2,5
YDR176W,NGG1,5
YGR215W,RSM27,5
YBR232C,YBR232C,5
YNL133C,FYV6,5
YKL156W,RPS27A,5
YHR049C-A,YHR049C-A,5
YDL177C,YDL177C,5
YMR095C,SNO1,5
YHR153C,SPO16,5
YKL222C,YKL222C,5
YOR308C,SNU66,5
YMR097C,MTG1,5
YMR020W,FMS1,5
YJL206C,YJL206C,5
YDL090C,RAM1,5
YOL008W,YOL008W,5
YBL029W,YBL029W,5
YPL104W,MSD1,5
YLR271W,YLR271W,5
YNL274C,YNL274C,5
YDR115W,YDR115W,5
YOR374W,ALD4,5
YMR326C,YMR326C,5
YBL038W,MRPL16,5
YBR148W,YSW1,5
YMR169C,ALD3,5
YER087W,YER087W,5
YHR004C,NEM1,5
YMR101C,SRT1,5
YDR226W,ADK1,5
YOL084W,PHM7,5
YJR094C,IME1,5
YGL166W,CUP2,5
YOR350C,MNE1,5
YAL062W,GDH3,5
YBL010C,YBL010C,5
YKL150W,MCR1,5
YHR167W,THP2,5
YJL180C,ATP12,5
YER066W,YER066W,5
YOR238W,YOR238W,5
YJR044C,VPS55,5
YGL110C,CUE3,5
YDR268W,MSW1,5
YMR116C,ASC1,5
YDL242W,YDL242W,5
YKL005C,BYE1,5
YBR076W,ECM8,5
YJL131C,YJL131C,5
YMR191W,YMR191W,5
YLL062C,MHT1,5
YDR134C,YDR134C,5
YMR098C,YMR098C,5
YOR235W,YOR235W,5
YNL295W,YNL295W,5
YHR191C,CTF8,5
YDL112W,TRM3,5
YOL081W,IRA2,5
YHR081W,LRP1,5
YCR060W,YCR060W,5
YGL090W,LIF1,5
YJR039W,YJR039W,4
YDR465C,RMT2,4
YLR192C,HCR1,4
YNL104C,LEU4,4
YGR085C,RPL11B,4
YGL240W,DOC1,4
YJR020W,YJR020W,4
YPL029W,SUV3,4
YNL253W,TEX1,4
YDL027C,YDL027C,4
YNL157W,YNL157W,4
YGL261C,YGL261C,4
YOR133W,EFT1,4
YDL079C,MRK1,4
YMR207C,HFA1,4
YBR163W,DEM1,4
YGL051W,MST27,4
YOR252W,YOR252W,4
YPR043W,RPL43A,4
YDR131C,YDR131C,4
YGR177C,ATF2,4
YGR031W,YGR031W,4
YLR028C,ADE16,4
YPR011C,YPR011C,4
YPL088W,YPL088W,4
YIR026C,YVH1,4
YPL097W,MSY1,4
YBR200W,BEM1,4
YKL157W,APE2,4
YOL091W,SPO21,4
YKL166C,TPK3,4
YDR194C,MSS116,4
YKL073W,LHS1,4
YDR031W,YDR031W,4
YGL101W,YGL101W,4
YLR384C,IKI3,4
YBR267W,YBR267W,4
YJL106W,IME2,4
YMR219W,ESC1,4
YBR283C,SSH1,4
YNL063W,YNL063W,4
YDR161W,YDR161W,4
YGL105W,ARC1,4
YOR173W,DCS2,4
YGL017W,ATE1,4
YDR056C,YDR056C,4
YFR015C,GSY1,4
YKR098C,UBP11,4
YMR060C,TOM37,4
YDL034W,YDL034W,4
YLR285W,NNT1,4
YOR352W,YOR352W,4
YOR185C,GSP2,4
YKL107W,YKL107W,4
YER040W,GLN3,4
YPR079W,MRL1,4
YGR059W,SPR3,4
YLR069C,MEF1,4
YPR123C,YPR123C,4
YNR036C,YNR036C,4
YLR369W,SSQ1,4
YER017C,AFG3,4
YHR014W,SPO13,4
YLR368W,MDM30,4
YDR458C,YDR458C,4
YDL155W,CLB3,4
YLL005C,SPO75,4
YHR010W,RPL27A,4
YNL145W,MFA2,4
YGR025W,YGR025W,4
YMR089C,YTA12,4
YFL018C,LPD1,4
YMR008C,PLB1,4
YPL121C,MEI5,4
YBR054W,YRO2,4
YGR117C,YGR117C,4
YDL186W,YDL186W,4
YOR378W,YOR378W,4
YPR115W,YPR115W,4
YGR043C,YGR043C,4
YMR002W,YMR002W,4
YKL057C,NUP120,4
YOR291W,YOR291W,4
YGL158W,RCK1,4
YGR273C,YGR273C,4
YER068W,SIG1,4
YKL147C,YKL147C,4
YNL177C,MRPL22,4
YKR030W,GMH1,4
YNL011C,YNL011C,4
YLR189C,UGT51,4
YDL154W,MSH5,4
YGL211W,YGL211W,4
YPL205C,YPL205C,4
YLR260W,LCB5,4
YGL072C,YGL072C,4
YDL130W,RPP1B,4
YKR102W,FLO10,4
YGR149W,YGR149W,4
YJR153W,PGU1,4
YBR146W,MRPS9,4
YDR179W-A,YDR179W-A,4
YHR168W,YHR168W,4
YBR301W,DAN3,4
YKL199C,YKT9,4
YOR183W,FYV12,4
YOR220W,YOR220W,4
YLR091W,YLR091W,4
YOR155C,ISN1,4
YLR126C,YLR126C,4
YGL180W,APG1,4
YCR101C,YCR101C,4
YIR043C,YIR043C,4
YKL163W,PIR3,4
YDR063W,YDR063W,4
YFR053C,HXK1,4
YGR243W,YGR243W,4
YML061C,PIF1,4
YPR067W,ISA2,4
YPR072W,NOT5,4
YMR287C,MSU1,4
YPL264C,YPL264C,4
YGR232W,NAS6,4
YGR084C,MRP13,4
YKR050W,TRK2,4
YDL116W,NUP84,4
YLR428C,YLR428C,4
YOR234C,RPL33B,4
YOR166C,YOR166C,4
YEL046C,GLY1,4
YGL083W,SCY1,4
YPR100W,MRPL51,4
YDR511W,ACN9,4
YCR015C,YCR015C,4
YDR214W,AHA1,4
YHR008C,SOD2,4
YOR227W,YOR227W,4
YPL060W,LPE10,4
YGR213C,RTA1,4
YOR099W,KTR1,4
YLR179C,YLR179C,4
YGL039W,YGL039W,4
YAL046C,YAL046C,4
YCL026C-A,FRM2,4
YOR268C,YOR268C,4
YAR020C,PAU7,4
YMR244C-A,YMR244C-A,4
YHR051W,COX6,4
YNL199C,GCR2,4
YER175C,TMT1,4
YOL095C,HMI1,4
YKL038W,RGT1,4
YKL171W,YKL171W,4
YFR019W,FAB1,4
YKL051W,SFK1,4
YDR095C,YDR095C,4
YER122C,GLO3,4
YDR059C,UBC5,4
YGR108W,CLB1,4
YER154W,OXA1,4
YML036W,YML036W,4
YLR053C,YLR053C,4
YER046W,SPO73,4
YDR124W,YDR124W,4
YMR012W,CLU1,4
YCL076W,YCL076W,4
YMR189W,GCV2,4
YGL263W,COS12,4
YDL202W,MRPL11,4
YCL058C,FYV5,4
YOR375C,GDH1,4
YOR190W,SPR1,4
YPL036W,PMA2,4
YKR094C,RPL40B,4
YPR087W,VPS69,4
YPR013C,YPR013C,4
YKL016C,ATP7,4
YPL101W,ELP4,4
YFL010W-A,AUA1,4
YPR004C,YPR004C,4
YMR269W,YMR269W,4
YNR074C,YNR074C,4
YER060W-A,FCY22,4
YOR142W,LSC1,4
YOR264W,DSE3,4
YER110C,KAP123,4
YOR026W,BUB3,4
YPR096C,YPR096C,4
YOR270C,VPH1,4
YJR008W,YJR008W,4
YAR050W,FLO1,4
YOR161C,YOR161C,4
YFL010C,WWM1,3
YLR441C,RPS1A,3
YBR168W,YBR168W,3
YMR158W,MRPS8,3
YGR096W,TPC1,3
YNL064C,YDJ1,3
YLR371W,ROM2,3
YGL104C,VPS73,3
YDR477W,SNF1,3
YER188W,YER188W,3
YGL164C,YRB30,3
YFL063W,YFL063W,3
YMR064W,AEP1,3
YGR081C,YGR081C,3
YGR247W,CPD1,3
YOL086C,ADH1,3
YPL162C,YPL162C,3
YER144C,UBP5,3
YBR046C,ZTA1,3
YDL191W,RPL35A,3
YNL242W,APG2,3
YLR048W,RPS0B,3
YOL023W,IFM1,3
YOR152C,YOR152C,3
YPL254W,HFI1,3
YBR191W,RPL21A,3
YGR148C,RPL24B,3
YGR200C,ELP2,3
YLL042C,APG10,3
YNL243W,SLA2,3
YFL001W,DEG1,3
YLR282C,YLR282C,3
YGR011W,YGR011W,3
YNL050C,YNL050C,3
YOR012W,YOR012W,3
YER056C-A,RPL34A,3
YDR242W,AMD2,3
YPL110C,YPL110C,3
YGL127C,SOH1,3
YOR177C,MPC54,3
YKL134C,30-Sep,3
YJR055W,HIT1,3
YOL118C,YOL118C,3
YFL023W,BUD27,3
YKL143W,LTV1,3
YGL070C,RPB9,3
YBR181C,RPS6B,3
YGR044C,RME1,3
YJR090C,GRR1,3
YOR196C,LIP5,3
YML053C,YML053C,3
YOR255W,OSW1,3
YBR063C,YBR063C,3
YLL006W,MMM1,3
YIL059C,YIL059C,3
YGR153W,YGR153W,3
YAL005C,SSA1,3
YDL107W,MSS2,3
YEL029C,BUD16,3
YBR081C,SPT7,3
YGL078C,DBP3,3
YJL122W,YJL122W,3
YPL050C,MNN9,3
YCL013W,YCL013W,3
YNR023W,SNF12,3
YJR034W,PET191,3
YBR165W,UBS1,3
YKR092C,SRP40,3
YLR001C,YLR001C,3
YPR028W,YOP1,3
YNL266W,YNL266W,3
YGR162W,TIF4631,3
YFR035C,YFR035C,3
YDR500C,RPL37B,3
YDR220C,YDR220C,3
YJL189W,RPL39,3
YKL221W,MCH2,3
YIL093C,RSM25,3
YNR018W,YNR018W,3
YKL067W,YNK1,3
YKR005C,YKR005C,3
YNL284C,MRPL10,3
YGR101W,PCP1,3
YKL003C,MRP17,3
YDR140W,YDR140W,3
YLR052W,IES3,3
YKL184W,SPE1,3
YBR104W,YMC2,3
YGR036C,CAX4,3
YDL049C,KNH1,3
YLR019W,PSR2,3
YLR123C,YLR123C,3
YPR044C,YPR044C,3
YNL227C,YNL227C,3
YDR457W,TOM1,3
YBR266C,YBR266C,3
YDR101C,ARX1,3
YNL217W,YNL217W,3
YGL246C,RAI1,3
YMR230W,RPS10B,3
YKR082W,NUP133,3
YPR160W,GPH1,3
YER116C,SLX8,3
YGR008C,STF2,3
YLR356W,YLR356W,3
YLR342W,FKS1,3
YGL218W,YGL218W,3
YDR017C,KCS1,3
YCR105W,ADH7,3
YDR114C,YDR114C,3
YBR240C,THI2,3
YMR250W,GAD1,3
YDR222W,YDR222W,3
YMR125W,STO1,3
YNL081C,SWS2,3
YKL129C,MYO3,3
YDL187C,YDL187C,3
YJR131W,MNS1,3
YPL183W-A,GON5,3
YPR058W,YMC1,3
YLR077W,YLR077W,3
YKR099W,BAS1,3
YCR003W,MRPL32,3
YGR226C,YGR226C,3
YPL092W,SSU1,3
YKL187C,YKL187C,3
YPL274W,SAM3,3
YJR055W,HIT1,3
YHR106W,TRR2,3
YDR363W,ESC2,3
YLR400W,YLR400W,3
YPR151C,SUE1,3
YHR066W,SSF1,3
YMR312W,ELP6,3
YOL041C,NOP12,3
YNL080C,YNL080C,3
YFL041W,FET5,3
YOR251C,YOR251C,3
YGL056C,SDS23,3
YLR435W,TSR2,3
YFL036W,RPO41,3
YLR068W,FYV7,3
YHR194W,MDM31,3
YDR502C,SAM2,3
YOR285W,YOR285W,3
YER068C-A,YER068C-A,3
YKR012C,YKR012C,3
YDR191W,HST4,3
YGL181W,GTS1,3
YMR194W,RPL36A,3
YNL014W,HEF3,3
YLR408C,YLR408C,3
YGL076C,RPL7A,3
YPR099C,YPR099C,3
YEL033W,YEL033W,3
YHR038W,RRF1,3
YLR067C,PET309,3
YOR295W,UAF30,3
YCR021C,HSP30,3
YER037W,PHM8,3
YNL173C,MDG1,3
YAR031W,PRM9,3
YHR091C,MSR1,3
YBR084C-A,RPL19A,3
YFL052W,YFL052W,3
YPL193W,RSA1,3
YPL078C,ATP4,3
YDL169C,UGX2,3
YJL028W,YJL028W,3
YGR100W,MDR1,3
YDR450W,RPS18A,3
YJL127C,SPT10,3
YKR003W,OSH6,3
YNL228W,YNL228W,3
YGL015C,YGL015C,3
YDR378C,LSM6,3
YMR129W,POM152,3
YOR202W,HIS3,3
YOR211C,MGM1,3
YNL025C,SSN8,3
YGR212W,YGR212W,3
YLR295C,ATP14,3
YKL006W,RPL14A,3
YPL118W,MRP51,3
YBR282W,MRPL27,3
YER070W,RNR1,3
YLR413W,YLR413W,3
YFL014W,HSP12,3
YGR242W,YGR242W,3
YMR066W,SOV1,3
YDR532C,YDR532C,3
YGR219W,YGR219W,3
YJL070C,YJL070C,3
YOR305W,YOR305W,3
YHR034C,YHR034C,3
YGL136C,MRM2,3
YOR290C,SNF2,3
YBR194W,SOY1,3
YJR037W,YJR037W,3
YGL165C,YGL165C,3
YDL151C,BUD30,3
YLR373C,VID22,3
YKL170W,MRPL38,3
YBR263W,SHM1,3
YGR159C,NSR1,3
YGR169C,PUS6,3
YLR341W,SPO77,3
YFL027C,GYP8,3
YMR130W,YMR130W,3
YCR028C,FEN2,3
YGR210C,YGR210C,3
YGR080W,TWF1,2
YLR434C,YLR434C,2
YJR099W,YUH1,2
YNL054W,VAC7,2
YGL037C,PNC1,2
YEL004W,YEA4,2
YPL040C,ISM1,2
YDR174W,HMO1,2
YCR100C,YCR100C,2
YBR273C,YBR273C,2
YLR439W,MRPL4,2
YOR331C,YOR331C,2
YGL088W,YGL088W,2
YDR298C,ATP5,2
YNL073W,MSK1,2
YPL213W,LEA1,2
YBR259W,YBR259W,2
YBR241C,YBR241C,2
YEL041W,YEL041W,2
YJR095W,SFC1,2
YGR160W,YGR160W,2
YNL226W,YNL226W,2
YCL047C,YCL047C,2
YDL131W,LYS21,2
YHR120W,MSH1,2
YIL008W,URM1,2
YLR270W,DCS1,2
YHR021C,RPS27B,2
YJL136C,RPS21B,2
YJR032W,CPR7,2
YCR022C,YCR022C,2
YOR111W,YOR111W,2
YDR112W,YDR112W,2
YBR017C,KAP104,2
YHL033C,RPL8A,2
YDR024W,FYV1,2
YPL178W,CBC2,2
YDR083W,RRP8,2
YER050C,RSM18,2
YPR132W,RPS23B,2
YGL219C,MDM34,2
YLR131C,ACE2,2
YJR079W,YJR079W,2
YNL055C,POR1,2
YKL009W,MRT4,2
YKR061W,KTR2,2
YIL033C,BCY1,2
YKL158W,YKL157W,2
YGL038C,OCH1,2
YPL116W,HOS3,2
YIL089W,YIL089W,2
YLL045C,RPL8B,2
YDR497C,ITR1,2
YGL064C,MRH4,2
YDR521W,YDR521W,2
YDR417C,YDR417C,2
YML116W,ATR1,2
YNL119W,YNL119W,2
YML054C,CYB2,2
YGR136W,LSB1,2
YKL139W,CTK1,2
YLR312W-A,MRPL15,2
YOR078W,BUD21,2
YDR500C,RPL37B,2
YDR382W,RPP2B,2
YKL055C,OAR1,2
YLR054C,OSW2,2
YPR135W,CTF4,2
YOR096W,RPS7A,2
YFR036W,CDC26,2
YLL051C,FRE6,2
YOR241W,MET7,2
YLR264W,RPS28B,2
YLR177W,YLR177W,2
YDR296W,MHR1,2
YDR241W,BUD26,2
YJR106W,ECM27,2
YFL019C,YFL019C,2
YGR039W,YGR039W,2
YKL181W,PRS1,2
YML063W,RPS1B,2
YKR024C,DBP7,2
YLR184W,YLR184W,2
YGR235C,YGR235C,2
YOR010C,TIR2,2
YDR507C,GIN4,2
YJR098C,YJR098C,2
YOR382W,FIT2,2
YPL271W,ATP15,2
YOR001W,RRP6,2
YLR327C,YLR327C,2
YGL143C,MRF1,2
YOR114W,YOR114W,2
YNL069C,RPL16B,2
YGR138C,TPO2,2
YDL179W,PCL9,2
YDL061C,RPS29B,2
YPR121W,THI22,2
YJR113C,RSM7,2
YLR062C,BUD28,2
YBR268W,MRPL37,2
YGL235W,YGL235W,2
YGL129C,RSM23,2
YBL045C,COR1,2
YGL021W,ALK1,2
YDR539W,YDR539W,2
YDL081C,RPP1A,2
YBL090W,MRP21,2
YJR091C,JSN1,2
YAR015W,ADE1,2
YDL082W,RPL13A,2
YIR009W,MSL1,2
YJR121W,ATP2,2
YPR174C,YPR174C,2
YBL058W,SHP1,2
YOR175C,YOR175C,2
YLR226W,BUR2,2
YCR047C,BUD23,2
YLR139C,SLS1,2
YKL151C,YKL151C,2
YLR253W,YLR253W,2
YML079W,YML079W,2
YDR332W,YDR332W,2
YGR292W,MAL12,2
YGR194C,XKS1,2
YLR049C,YLR049C,2
YDL129W,YDL129W,2
YOR240W,YOR239W,2
YLR448W,RPL6B,2
YLR403W,SFP1,2
YML024W,RPS17A,2
YDL010W,YDL010W,2
YJR107W,YJR107W,2
YLR185W,RPL37A,2
YPL031C,PHO85,2
YLR389C,STE23,2
YOR219C,STE13,2
YDR384C,ATO3,2
YGR272C,YGR272C,2
YJL063C,MRPL8,2
YDL115C,IWR1,2
YPR196W,YPR196W,2
YGL082W,YGL082W,2
YCR020W-B,HTL1,2
YEL054C,RPL12A,2
YPL125W,KAP120,2
YNL218W,MGS1,2
YDR509W,YDR509W,2
YOR214C,YOR214C,2
YFR017C,YFR017C,2
YDR218C,SPR28,2
YBR178W,YBR178W,2
YDR529C,QCR7,2
YFR001W,LOC1,2
YMR142C,RPL13B,2
YDL178W,DLD2,2
YDL044C,MTF2,2
YDR534C,FIT1,2
YDR192C,NUP42,2
YNL315C,ATP11,2
YDR107C,YDR107C,2
YGL009C,LEU1,2
YCR102C,YCR102C,2
YGL256W,ADH4,2
YGR019W,UGA1,2
YGR234W,YHB1,2
YLL044W,YLL044W,2
YPL086C,ELP3,2
YDL198C,YHM1,2
YMR188C,MRPS17,2
YPR117W,YPR117W,2
YGR139W,YGR139W,2
YDR519W,FPR2,2
YHL011C,PRS3,2
YMR267W,PPA2,2
YNL092W,YNL092W,2
YLR074C,BUD20,2
YHR093W,AHT1,2
YMR173W,DDR48,2
YJL046W,YJL046W,2
YGR176W,YGR176W,2
YKL015W,PUT3,2
YER181C,YER181C,2
YLR218C,YLR218C,2
YCL074W,YCL074W,2
YBR145W,ADH5,2
YCL075W,YCL075W,1
YMR119W,ASI1,1
YGR022C,YGR022C,1
YJL116C,NCA3,1
YDL075W,RPL31A,1
YMR147W,YMR147W,1
YJR063W,RPA12,1
YLR388W,RPS29A,1
YOR239W,ABP140,1
YJL059W,YHC3,1
YKL188C,PXA2,1
YMR114C,YMR114C,1
YBR289W,SNF5,1
YLR235C,YLR235C,1
YKL128C,PMU1,1
YDR122W,KIN1,1
YIL042C,YIL042C,1
YDR065W,YDR065W,1
YBR085W,AAC3,1
YPL239W,YAR1,1
YHR029C,YHR029C,1
YDR377W,ATP17,1
YMR133W,REC114,1
YGL135W,RPL1B,1
YOR226C,ISU2,1
YGR165W,MRPS35,1
YCR106W,RDS1,1
YMR193W,MRPL24,1
YOL033W,MSE1,1
YLR244C,MAP1,1
YDL227C,HO,1
YDR418W,RPL12B,1
YJR133W,XPT1,1
YAL035W,FUN12,1
YLR315W,NKP2,1
YCR028C-A,RIM1,1
YOR263C,YOR263C,1
YGR221C,TOS2,1
YJL093C,TOK1,1
YHR183W,GND1,1
YKL001C,MET14,1
YJR145C,RPS4A,1
YDR405W,MRP20,1
YDR387C,YDR387C,1
YDL113C,CVT20,1
YLR233C,EST1,1
YOR300W,YOR300W,1
YJR019C,TES1,1
YER014C-A,BUD25,1
YPL087W,YDC1,1
YML042W,CAT2,1
YPL081W,RPS9A,1
YMR205C,PFK2,1
YKL105C,YKL105C,1
YMR141C,YMR141C,1
YGL230C,YGL230C,1
YGR045C,YGR045C,1
YGR249W,MGA1,1
YGL131C,SNT2,1
YPL188W,POS5,1
YDL227C,HO,1
YPR191W,QCR2,1
YOR193W,YOR193W,1
YPR116W,YPR116W,1
YDL047W,SIT4,1
YKL066W,YKL066W,1
YGL260W,YGL260W,1
YDR159W,SAC3,1
YDL036C,YDL036C,1
YCR092C,MSH3,1
YBR115C,LYS2,1
YCR046C,IMG1,1
YDR322W,MRPL35,1
YPL074W,YTA6,1
YGR236C,SPG1,1
YFL016C,MDJ1,1
YOR131C,YOR131C,1
YDR533C,YDR533C,1
YIR005W,IST3,1
YMR135W-A,YMR135W-A,1
YGL023C,PIB2,1
YIR044C,YIR044C,1
YBR189W,RPS9B,1
YPR122W,AXL1,1
YCR007C,YCR007C,1
YBR026C,ETR1,1
YPR007C,SPO69,1
YOR180C,DCI1,1
YKL106W,AAT1,1
YOR182C,RPS30B,1
YDR175C,RSM24,1
YKR057W,RPS21A,1
YCL006C,YCL006C,1
YKR058W,GLG1,1
YDL121C,YDL121C,1
YOR090C,PTC5,1
YGL109W,YGL109W,1
YJL188C,BUD19,1
YGR033C,YGR033C,1
YMR256C,COX7,1
YDL032W,YDL032W,1
YDL144C,YDL144C,1
YGL138C,YGL138C,1
YPR057W,BRR1,1
YBR170C,NPL4,1
YBR179C,FZO1,1
YDR171W,HSP42,1
YKL131W,YKL131W,1
YOR199W,YOR199W,1
YOL121C,RPS19A,1
YKL169C,YKL169C,1
YHR203C,RPS4B,1
YML068W,ITT1,1
YGL154C,LYS5,1
YDL039C,PRM7,1
YDL083C,RPS16B,1
YOR309C,YOR309C,1
YLR281C,YLR281C,1
YFR025C,HIS2,1
YBL099W,ATP1,1
YAL010C,MDM10,0
YAL016W,TPD3,0
YBL033C,RIB1,0
YBL065W,YBL065W,0
YBL100C,YBL100C,0
YBR038W,CHS2,0
YBR112C,CYC8,0
YBR126C,TPS1,0
YBR127C,VMA2,0
YBR147W,YBR147W,0
YBR149W,ARA1,0
YBR274W,CHK1,0
YCL023C,YCL023C,0
YCR090C,YCR090C,0
YCR102W-A,YCR102W-A,0
YDL038C,YDL038C,0
YDL232W,OST4,0
YDR025W,RPS11A,0
YDR027C,LUV1,0
YDR092W,UBC13,0
YDR173C,ARG82,0
YDR359C,VID21,0
YDR433W,YDR433W,0
YDR470C,UGO1,0
YEL040W,UTR2,0
YER054C,GIP2,0
YFL011W,HXT10,0
YFL034C-A,RPL22B,0
YFR018C,YFR018C,0
YGL036W,YGL036W,0
YGL118C,YGL118C,0
YGL195W,GCN1,0
YGL206C,CHC1,0
YGL220W,YGL220W,0
YGR006W,PRP18,0
YGR016W,YGR016W,0
YGR021W,YGR021W,0
YGR041W,BUD9,0
YGR042W,YGR042W,0
YGR188C,BUB1,0
YGR207C,YGR207C,0
YGR262C,BUD32,0
YHL025W,SNF6,0
YIL040W,APQ12,0
YIL049W,DFG10,0
YIL122W,POG1,0
YIL128W,MET18,0
YIL134W,FLX1,0
YJL006C,CTK2,0
YJL115W,ASF1,0
YJL140W,RPB4,0
YJL184W,GON7,0
YJR030C,YJR030C,0
YJR100C,YJR100C,0
YKL070W,YKL070W,0
YKR009C,FOX2,0
YLR234W,TOP3,0
YLR242C,ARV1,0
YLR251W,SYM1,0
YLR333C,RPS25B,0
YLR343W,YLR343W,0
YLR357W,RSC2,0
YLR399C,BDF1,0
YMR014W,BUD22,0
YMR024W,MRPL3,0
YMR032W,HOF1,0
YMR198W,CIK1,0
YMR266W,RSN1,0
YNL003C,PET8,0
YNL220W,ADE12,0
YNL277W,MET2,0
YOL009C,MDM12,0
YOL148C,SPT20,0
YOL163W,YOL163W,0
YOR153W,PDR5,0
YOR198C,BFR1,0
YOR289W,YOR289W,0
YOR293W,RPS10A,0
YOR301W,RAX1,0
YOR383C,FIT3,0
YPL024W,NCE4,0
YPL059W,GRX5,0
YPL090C,RPS6A,0
YPL129W,TAF14,0
YPL157W,TGS1,0
YPR124W,CTR1,0
YPR125W,YPR125W,0
YPR126C,YPR126C,0
YPR163C,TIF3,0
YPR195C,YPR195C,0
