e:\wq\Scripts\alignDB\extra\real_length\random0.fa,e:\wq\Scripts\alignDB\extra\real_length\random1.fa
e:\wq\Scripts\alignDB\extra\real_length\random2.fa,e:\wq\Scripts\alignDB\extra\real_length\random3.fa
e:\wq\Scripts\alignDB\extra\real_length\random4.fa,e:\wq\Scripts\alignDB\extra\real_length\random5.fa
e:\wq\Scripts\alignDB\extra\real_length\random6.fa,e:\wq\Scripts\alignDB\extra\real_length\random7.fa
e:\wq\Scripts\alignDB\extra\real_length\random8.fa,e:\wq\Scripts\alignDB\extra\real_length\random9.fa
e:\wq\Scripts\alignDB\extra\real_length\random10.fa,e:\wq\Scripts\alignDB\extra\real_length\random11.fa
e:\wq\Scripts\alignDB\extra\real_length\random12.fa,e:\wq\Scripts\alignDB\extra\real_length\random13.fa
e:\wq\Scripts\alignDB\extra\real_length\random14.fa,e:\wq\Scripts\alignDB\extra\real_length\random15.fa
e:\wq\Scripts\alignDB\extra\real_length\random16.fa,e:\wq\Scripts\alignDB\extra\real_length\random17.fa
e:\wq\Scripts\alignDB\extra\real_length\random18.fa,e:\wq\Scripts\alignDB\extra\real_length\random19.fa
e:\wq\Scripts\alignDB\extra\real_length\random20.fa,e:\wq\Scripts\alignDB\extra\real_length\random21.fa
e:\wq\Scripts\alignDB\extra\real_length\random22.fa,e:\wq\Scripts\alignDB\extra\real_length\random23.fa
e:\wq\Scripts\alignDB\extra\real_length\random24.fa,e:\wq\Scripts\alignDB\extra\real_length\random25.fa
e:\wq\Scripts\alignDB\extra\real_length\random26.fa,e:\wq\Scripts\alignDB\extra\real_length\random27.fa
e:\wq\Scripts\alignDB\extra\real_length\random28.fa,e:\wq\Scripts\alignDB\extra\real_length\random29.fa
e:\wq\Scripts\alignDB\extra\real_length\random30.fa,e:\wq\Scripts\alignDB\extra\real_length\random31.fa
e:\wq\Scripts\alignDB\extra\real_length\random32.fa,e:\wq\Scripts\alignDB\extra\real_length\random33.fa
e:\wq\Scripts\alignDB\extra\real_length\random34.fa,e:\wq\Scripts\alignDB\extra\real_length\random35.fa
e:\wq\Scripts\alignDB\extra\real_length\random36.fa,e:\wq\Scripts\alignDB\extra\real_length\random37.fa
e:\wq\Scripts\alignDB\extra\real_length\random38.fa,e:\wq\Scripts\alignDB\extra\real_length\random39.fa
e:\wq\Scripts\alignDB\extra\real_length\random40.fa,e:\wq\Scripts\alignDB\extra\real_length\random41.fa
e:\wq\Scripts\alignDB\extra\real_length\random42.fa,e:\wq\Scripts\alignDB\extra\real_length\random43.fa
e:\wq\Scripts\alignDB\extra\real_length\random44.fa,e:\wq\Scripts\alignDB\extra\real_length\random45.fa
e:\wq\Scripts\alignDB\extra\real_length\random46.fa,e:\wq\Scripts\alignDB\extra\real_length\random47.fa
e:\wq\Scripts\alignDB\extra\real_length\random48.fa,e:\wq\Scripts\alignDB\extra\real_length\random49.fa
e:\wq\Scripts\alignDB\extra\real_length\random50.fa,e:\wq\Scripts\alignDB\extra\real_length\random51.fa
e:\wq\Scripts\alignDB\extra\real_length\random52.fa,e:\wq\Scripts\alignDB\extra\real_length\random53.fa
e:\wq\Scripts\alignDB\extra\real_length\random54.fa,e:\wq\Scripts\alignDB\extra\real_length\random55.fa
e:\wq\Scripts\alignDB\extra\real_length\random56.fa,e:\wq\Scripts\alignDB\extra\real_length\random57.fa
e:\wq\Scripts\alignDB\extra\real_length\random58.fa,e:\wq\Scripts\alignDB\extra\real_length\random59.fa
e:\wq\Scripts\alignDB\extra\real_length\random60.fa,e:\wq\Scripts\alignDB\extra\real_length\random61.fa
e:\wq\Scripts\alignDB\extra\real_length\random62.fa,e:\wq\Scripts\alignDB\extra\real_length\random63.fa
e:\wq\Scripts\alignDB\extra\real_length\random64.fa,e:\wq\Scripts\alignDB\extra\real_length\random65.fa
e:\wq\Scripts\alignDB\extra\real_length\random66.fa,e:\wq\Scripts\alignDB\extra\real_length\random67.fa
e:\wq\Scripts\alignDB\extra\real_length\random68.fa,e:\wq\Scripts\alignDB\extra\real_length\random69.fa
e:\wq\Scripts\alignDB\extra\real_length\random70.fa,e:\wq\Scripts\alignDB\extra\real_length\random71.fa
e:\wq\Scripts\alignDB\extra\real_length\random72.fa,e:\wq\Scripts\alignDB\extra\real_length\random73.fa
e:\wq\Scripts\alignDB\extra\real_length\random74.fa,e:\wq\Scripts\alignDB\extra\real_length\random75.fa
e:\wq\Scripts\alignDB\extra\real_length\random76.fa,e:\wq\Scripts\alignDB\extra\real_length\random77.fa
e:\wq\Scripts\alignDB\extra\real_length\random78.fa,e:\wq\Scripts\alignDB\extra\real_length\random79.fa
e:\wq\Scripts\alignDB\extra\real_length\random80.fa,e:\wq\Scripts\alignDB\extra\real_length\random81.fa
e:\wq\Scripts\alignDB\extra\real_length\random82.fa,e:\wq\Scripts\alignDB\extra\real_length\random83.fa
e:\wq\Scripts\alignDB\extra\real_length\random84.fa,e:\wq\Scripts\alignDB\extra\real_length\random85.fa
e:\wq\Scripts\alignDB\extra\real_length\random86.fa,e:\wq\Scripts\alignDB\extra\real_length\random87.fa
e:\wq\Scripts\alignDB\extra\real_length\random88.fa,e:\wq\Scripts\alignDB\extra\real_length\random89.fa
e:\wq\Scripts\alignDB\extra\real_length\random90.fa,e:\wq\Scripts\alignDB\extra\real_length\random91.fa
e:\wq\Scripts\alignDB\extra\real_length\random92.fa,e:\wq\Scripts\alignDB\extra\real_length\random93.fa
e:\wq\Scripts\alignDB\extra\real_length\random94.fa,e:\wq\Scripts\alignDB\extra\real_length\random95.fa
e:\wq\Scripts\alignDB\extra\real_length\random96.fa,e:\wq\Scripts\alignDB\extra\real_length\random97.fa
e:\wq\Scripts\alignDB\extra\real_length\random98.fa,e:\wq\Scripts\alignDB\extra\real_length\random99.fa
e:\wq\Scripts\alignDB\extra\real_length\random100.fa,e:\wq\Scripts\alignDB\extra\real_length\random101.fa
e:\wq\Scripts\alignDB\extra\real_length\random102.fa,e:\wq\Scripts\alignDB\extra\real_length\random103.fa
e:\wq\Scripts\alignDB\extra\real_length\random104.fa,e:\wq\Scripts\alignDB\extra\real_length\random105.fa
e:\wq\Scripts\alignDB\extra\real_length\random106.fa,e:\wq\Scripts\alignDB\extra\real_length\random107.fa
e:\wq\Scripts\alignDB\extra\real_length\random108.fa,e:\wq\Scripts\alignDB\extra\real_length\random109.fa
e:\wq\Scripts\alignDB\extra\real_length\random110.fa,e:\wq\Scripts\alignDB\extra\real_length\random111.fa
e:\wq\Scripts\alignDB\extra\real_length\random112.fa,e:\wq\Scripts\alignDB\extra\real_length\random113.fa
e:\wq\Scripts\alignDB\extra\real_length\random114.fa,e:\wq\Scripts\alignDB\extra\real_length\random115.fa
e:\wq\Scripts\alignDB\extra\real_length\random116.fa,e:\wq\Scripts\alignDB\extra\real_length\random117.fa
e:\wq\Scripts\alignDB\extra\real_length\random118.fa,e:\wq\Scripts\alignDB\extra\real_length\random119.fa
e:\wq\Scripts\alignDB\extra\real_length\random120.fa,e:\wq\Scripts\alignDB\extra\real_length\random121.fa
e:\wq\Scripts\alignDB\extra\real_length\random122.fa,e:\wq\Scripts\alignDB\extra\real_length\random123.fa
e:\wq\Scripts\alignDB\extra\real_length\random124.fa,e:\wq\Scripts\alignDB\extra\real_length\random125.fa
e:\wq\Scripts\alignDB\extra\real_length\random126.fa,e:\wq\Scripts\alignDB\extra\real_length\random127.fa
e:\wq\Scripts\alignDB\extra\real_length\random128.fa,e:\wq\Scripts\alignDB\extra\real_length\random129.fa
e:\wq\Scripts\alignDB\extra\real_length\random130.fa,e:\wq\Scripts\alignDB\extra\real_length\random131.fa
e:\wq\Scripts\alignDB\extra\real_length\random132.fa,e:\wq\Scripts\alignDB\extra\real_length\random133.fa
e:\wq\Scripts\alignDB\extra\real_length\random134.fa,e:\wq\Scripts\alignDB\extra\real_length\random135.fa
e:\wq\Scripts\alignDB\extra\real_length\random136.fa,e:\wq\Scripts\alignDB\extra\real_length\random137.fa
e:\wq\Scripts\alignDB\extra\real_length\random138.fa,e:\wq\Scripts\alignDB\extra\real_length\random139.fa
e:\wq\Scripts\alignDB\extra\real_length\random140.fa,e:\wq\Scripts\alignDB\extra\real_length\random141.fa
e:\wq\Scripts\alignDB\extra\real_length\random142.fa,e:\wq\Scripts\alignDB\extra\real_length\random143.fa
e:\wq\Scripts\alignDB\extra\real_length\random144.fa,e:\wq\Scripts\alignDB\extra\real_length\random145.fa
e:\wq\Scripts\alignDB\extra\real_length\random146.fa,e:\wq\Scripts\alignDB\extra\real_length\random147.fa
e:\wq\Scripts\alignDB\extra\real_length\random148.fa,e:\wq\Scripts\alignDB\extra\real_length\random149.fa
e:\wq\Scripts\alignDB\extra\real_length\random150.fa,e:\wq\Scripts\alignDB\extra\real_length\random151.fa
e:\wq\Scripts\alignDB\extra\real_length\random152.fa,e:\wq\Scripts\alignDB\extra\real_length\random153.fa
e:\wq\Scripts\alignDB\extra\real_length\random154.fa,e:\wq\Scripts\alignDB\extra\real_length\random155.fa
e:\wq\Scripts\alignDB\extra\real_length\random156.fa,e:\wq\Scripts\alignDB\extra\real_length\random157.fa
e:\wq\Scripts\alignDB\extra\real_length\random158.fa,e:\wq\Scripts\alignDB\extra\real_length\random159.fa
e:\wq\Scripts\alignDB\extra\real_length\random160.fa,e:\wq\Scripts\alignDB\extra\real_length\random161.fa
e:\wq\Scripts\alignDB\extra\real_length\random162.fa,e:\wq\Scripts\alignDB\extra\real_length\random163.fa
e:\wq\Scripts\alignDB\extra\real_length\random164.fa,e:\wq\Scripts\alignDB\extra\real_length\random165.fa
e:\wq\Scripts\alignDB\extra\real_length\random166.fa,e:\wq\Scripts\alignDB\extra\real_length\random167.fa
e:\wq\Scripts\alignDB\extra\real_length\random168.fa,e:\wq\Scripts\alignDB\extra\real_length\random169.fa
e:\wq\Scripts\alignDB\extra\real_length\random170.fa,e:\wq\Scripts\alignDB\extra\real_length\random171.fa
e:\wq\Scripts\alignDB\extra\real_length\random172.fa,e:\wq\Scripts\alignDB\extra\real_length\random173.fa
e:\wq\Scripts\alignDB\extra\real_length\random174.fa,e:\wq\Scripts\alignDB\extra\real_length\random175.fa
e:\wq\Scripts\alignDB\extra\real_length\random176.fa,e:\wq\Scripts\alignDB\extra\real_length\random177.fa
e:\wq\Scripts\alignDB\extra\real_length\random178.fa,e:\wq\Scripts\alignDB\extra\real_length\random179.fa
e:\wq\Scripts\alignDB\extra\real_length\random180.fa,e:\wq\Scripts\alignDB\extra\real_length\random181.fa
e:\wq\Scripts\alignDB\extra\real_length\random182.fa,e:\wq\Scripts\alignDB\extra\real_length\random183.fa
e:\wq\Scripts\alignDB\extra\real_length\random184.fa,e:\wq\Scripts\alignDB\extra\real_length\random185.fa
e:\wq\Scripts\alignDB\extra\real_length\random186.fa,e:\wq\Scripts\alignDB\extra\real_length\random187.fa
e:\wq\Scripts\alignDB\extra\real_length\random188.fa,e:\wq\Scripts\alignDB\extra\real_length\random189.fa
e:\wq\Scripts\alignDB\extra\real_length\random190.fa,e:\wq\Scripts\alignDB\extra\real_length\random191.fa
e:\wq\Scripts\alignDB\extra\real_length\random192.fa,e:\wq\Scripts\alignDB\extra\real_length\random193.fa
e:\wq\Scripts\alignDB\extra\real_length\random194.fa,e:\wq\Scripts\alignDB\extra\real_length\random195.fa
e:\wq\Scripts\alignDB\extra\real_length\random196.fa,e:\wq\Scripts\alignDB\extra\real_length\random197.fa
e:\wq\Scripts\alignDB\extra\real_length\random198.fa,e:\wq\Scripts\alignDB\extra\real_length\random199.fa
